-- MySQL dump 10.13  Distrib 5.7.17, for Win64 (x86_64)
--
-- Host: 127.0.0.1    Database: dw_escolacenso
-- ------------------------------------------------------
-- Server version	5.5.5-10.1.30-MariaDB

/*!40101 SET @OLD_CHARACTER_SET_CLIENT=@@CHARACTER_SET_CLIENT */;
/*!40101 SET @OLD_CHARACTER_SET_RESULTS=@@CHARACTER_SET_RESULTS */;
/*!40101 SET @OLD_COLLATION_CONNECTION=@@COLLATION_CONNECTION */;
/*!40101 SET NAMES utf8 */;
/*!40103 SET @OLD_TIME_ZONE=@@TIME_ZONE */;
/*!40103 SET TIME_ZONE='+00:00' */;
/*!40014 SET @OLD_UNIQUE_CHECKS=@@UNIQUE_CHECKS, UNIQUE_CHECKS=0 */;
/*!40014 SET @OLD_FOREIGN_KEY_CHECKS=@@FOREIGN_KEY_CHECKS, FOREIGN_KEY_CHECKS=0 */;
/*!40101 SET @OLD_SQL_MODE=@@SQL_MODE, SQL_MODE='NO_AUTO_VALUE_ON_ZERO' */;
/*!40111 SET @OLD_SQL_NOTES=@@SQL_NOTES, SQL_NOTES=0 */;

--
-- Table structure for table `dim_acessibilidade`
--

DROP TABLE IF EXISTS `dim_acessibilidade`;
/*!40101 SET @saved_cs_client     = @@character_set_client */;
/*!40101 SET character_set_client = utf8 */;
CREATE TABLE `dim_acessibilidade` (
  `ID` int(11) NOT NULL AUTO_INCREMENT,
  `TP_RECURSO_PNE` varchar(45) NOT NULL,
  `VERSION` int(11) DEFAULT NULL,
  `DATE_FROM` datetime DEFAULT NULL,
  `DATE_TO` datetime DEFAULT NULL,
  PRIMARY KEY (`ID`),
  KEY `idx_dim_acessibilidade_lookup` (`TP_RECURSO_PNE`)
) ENGINE=InnoDB AUTO_INCREMENT=5 DEFAULT CHARSET=utf8;
/*!40101 SET character_set_client = @saved_cs_client */;

--
-- Dumping data for table `dim_acessibilidade`
--

LOCK TABLES `dim_acessibilidade` WRITE;
/*!40000 ALTER TABLE `dim_acessibilidade` DISABLE KEYS */;
INSERT INTO `dim_acessibilidade` VALUES (0,'Não Informado',1,'1900-01-01 00:00:01','2200-01-01 00:00:00'),(1,'Não Informado',1,'1900-01-01 00:00:01','2200-01-01 00:00:00'),(2,'BANHEIRO_PNE',1,'1900-01-01 00:00:00','2199-12-31 23:59:59'),(3,'DEPENDENCIAS_PNE',1,'1900-01-01 00:00:00','2199-12-31 23:59:59'),(4,'SALA_ATENDIMENTO_ESPECIAL',1,'1900-01-01 00:00:00','2199-12-31 23:59:59');
/*!40000 ALTER TABLE `dim_acessibilidade` ENABLE KEYS */;
UNLOCK TABLES;

--
-- Table structure for table `dim_agua`
--

DROP TABLE IF EXISTS `dim_agua`;
/*!40101 SET @saved_cs_client     = @@character_set_client */;
/*!40101 SET character_set_client = utf8 */;
CREATE TABLE `dim_agua` (
  `ID` int(11) NOT NULL AUTO_INCREMENT,
  `TP_AGUA` varchar(45) NOT NULL,
  `VERSION` int(11) DEFAULT NULL,
  `DATE_FROM` datetime DEFAULT NULL,
  `DATE_TO` datetime DEFAULT NULL,
  PRIMARY KEY (`ID`)
) ENGINE=InnoDB AUTO_INCREMENT=7 DEFAULT CHARSET=utf8;
/*!40101 SET character_set_client = @saved_cs_client */;

--
-- Dumping data for table `dim_agua`
--

LOCK TABLES `dim_agua` WRITE;
/*!40000 ALTER TABLE `dim_agua` DISABLE KEYS */;
INSERT INTO `dim_agua` VALUES (0,'Não Informado',1,'1900-01-01 00:00:01','2200-01-01 00:00:00'),(1,'AGUA_FILTRADA',1,'1900-01-01 00:00:00','2199-12-31 23:59:59'),(2,'AGUA_REDE_PUBLICA',1,'1900-01-01 00:00:00','2199-12-31 23:59:59'),(3,'AGUA_POCO_ARTESIANO',1,'1900-01-01 00:00:00','2199-12-31 23:59:59'),(4,'AGUA_CACIMBA',1,'1900-01-01 00:00:00','2199-12-31 23:59:59'),(5,'AGUA_FONTE_RIO',1,'1900-01-01 00:00:00','2199-12-31 23:59:59'),(6,'AGUA_INEXISTENTE',1,'1900-01-01 00:00:00','2199-12-31 23:59:59');
/*!40000 ALTER TABLE `dim_agua` ENABLE KEYS */;
UNLOCK TABLES;

--
-- Table structure for table `dim_dependencia`
--

DROP TABLE IF EXISTS `dim_dependencia`;
/*!40101 SET @saved_cs_client     = @@character_set_client */;
/*!40101 SET character_set_client = utf8 */;
CREATE TABLE `dim_dependencia` (
  `ID` int(11) NOT NULL AUTO_INCREMENT,
  `TP_DEPENDENCIA` varchar(45) NOT NULL,
  `VERSION` int(11) DEFAULT NULL,
  `DATE_FROM` datetime DEFAULT NULL,
  `DATE_TO` datetime DEFAULT NULL,
  PRIMARY KEY (`ID`)
) ENGINE=InnoDB AUTO_INCREMENT=5 DEFAULT CHARSET=utf8;
/*!40101 SET character_set_client = @saved_cs_client */;

--
-- Dumping data for table `dim_dependencia`
--

LOCK TABLES `dim_dependencia` WRITE;
/*!40000 ALTER TABLE `dim_dependencia` DISABLE KEYS */;
INSERT INTO `dim_dependencia` VALUES (0,'Não Informada',1,'1900-01-01 00:00:01','2200-01-01 00:00:00'),(1,'FEDERAL',1,'1900-01-01 00:00:00','2199-12-31 23:59:59'),(2,'ESTADUAL',1,'1900-01-01 00:00:00','2199-12-31 23:59:59'),(3,'MUNICIPAL',1,'1900-01-01 00:00:00','2199-12-31 23:59:59'),(4,'PRIVADA',1,'1900-01-01 00:00:00','2199-12-31 23:59:59');
/*!40000 ALTER TABLE `dim_dependencia` ENABLE KEYS */;
UNLOCK TABLES;

--
-- Table structure for table `dim_energia`
--

DROP TABLE IF EXISTS `dim_energia`;
/*!40101 SET @saved_cs_client     = @@character_set_client */;
/*!40101 SET character_set_client = utf8 */;
CREATE TABLE `dim_energia` (
  `ID` int(11) NOT NULL AUTO_INCREMENT,
  `TP_ENERGIA` varchar(45) NOT NULL,
  `VERSION` int(11) DEFAULT NULL,
  `DATE_FROM` datetime DEFAULT NULL,
  `DATE_TO` datetime DEFAULT NULL,
  PRIMARY KEY (`ID`)
) ENGINE=InnoDB AUTO_INCREMENT=5 DEFAULT CHARSET=utf8;
/*!40101 SET character_set_client = @saved_cs_client */;

--
-- Dumping data for table `dim_energia`
--

LOCK TABLES `dim_energia` WRITE;
/*!40000 ALTER TABLE `dim_energia` DISABLE KEYS */;
INSERT INTO `dim_energia` VALUES (0,'Não Informado',1,'1900-01-01 00:00:01','2200-01-01 00:00:00'),(1,'ENERGIA_REDE_PUBLICA',1,'1900-01-01 00:00:00','2199-12-31 23:59:59'),(2,'ENERGIA_GERADOR',1,'1900-01-01 00:00:00','2199-12-31 23:59:59'),(3,'ENERGIA_OUTROS',1,'1900-01-01 00:00:00','2199-12-31 23:59:59'),(4,'ENERGIA_INEXISTENTE',1,'1900-01-01 00:00:00','2199-12-31 23:59:59');
/*!40000 ALTER TABLE `dim_energia` ENABLE KEYS */;
UNLOCK TABLES;

--
-- Table structure for table `dim_escola`
--

DROP TABLE IF EXISTS `dim_escola`;
/*!40101 SET @saved_cs_client     = @@character_set_client */;
/*!40101 SET character_set_client = utf8 */;
CREATE TABLE `dim_escola` (
  `ID` int(11) NOT NULL AUTO_INCREMENT,
  `ID_ORIGEM` bigint(20) NOT NULL,
  `NO_ENTIDADE` varchar(100) NOT NULL,
  `TP_DEPENDENCIA` varchar(45) NOT NULL,
  `ZONA` varchar(45) NOT NULL,
  `VERSION` int(11) DEFAULT NULL,
  `DATE_FROM` datetime DEFAULT NULL,
  `DATE_TO` datetime DEFAULT NULL,
  PRIMARY KEY (`ID`)
) ENGINE=InnoDB AUTO_INCREMENT=469 DEFAULT CHARSET=utf8;
/*!40101 SET character_set_client = @saved_cs_client */;

--
-- Dumping data for table `dim_escola`
--

LOCK TABLES `dim_escola` WRITE;
/*!40000 ALTER TABLE `dim_escola` DISABLE KEYS */;
INSERT INTO `dim_escola` VALUES (0,0,'Não Existente','Não Informado','Não Informada',1,'1900-01-01 00:00:01','2200-01-01 00:00:00'),(1,11000252,'CENTRO EDUCACIONAL OBJETIVO - UNIDADE JARDIM AMERICA','PRIVADA','URBANA',1,'1900-01-01 00:00:00','2199-12-31 23:59:59'),(2,11000325,'INSTITUTO EVANGELICO DE EDUCACAO PAUL AENIS','PRIVADA','URBANA',1,'1900-01-01 00:00:00','2199-12-31 23:59:59'),(3,11001135,'EEEFM GOV PETRONIO BARCELOS','ESTADUAL','URBANA',1,'1900-01-01 00:00:00','2199-12-31 23:59:59'),(4,11001283,'EEEFM JOHN KENNEDY','ESTADUAL','URBANA',1,'1900-01-01 00:00:00','2199-12-31 23:59:59'),(5,11002166,'EEEF SAMARITANA','ESTADUAL','URBANA',1,'1900-01-01 00:00:00','2199-12-31 23:59:59'),(6,11003065,'IEE CARMELA DUTRA','ESTADUAL','URBANA',1,'1900-01-01 00:00:00','2199-12-31 23:59:59'),(7,11005041,'E E E F M CARLOS DRUMMOND DE ANDRADE','ESTADUAL','URBANA',1,'1900-01-01 00:00:00','2199-12-31 23:59:59'),(8,11005300,'EMEIEF SOSSEGO DA MAMAE','MUNICIPAL','URBANA',1,'1900-01-01 00:00:00','2199-12-31 23:59:59'),(9,11006900,'EMEIEF ARCO-IRIS','MUNICIPAL','RURAL',1,'1900-01-01 00:00:00','2199-12-31 23:59:59'),(10,11007982,'CENTRO ESTADUAL DE EDUCACAO DE JOVENS E ADULTOS PAULO FREIRE','ESTADUAL','URBANA',1,'1900-01-01 00:00:00','2199-12-31 23:59:59'),(11,11009675,'EMEF ALUISIO MAGALHAES','MUNICIPAL','RURAL',1,'1900-01-01 00:00:00','2199-12-31 23:59:59'),(12,11012579,'EEEFM PEDRO VIEIRA DE MELO','ESTADUAL','RURAL',1,'1900-01-01 00:00:00','2199-12-31 23:59:59'),(13,11013591,'EEEFM BEATRIZ FERREIRA DA SILVA','ESTADUAL','URBANA',1,'1900-01-01 00:00:00','2199-12-31 23:59:59'),(14,11017775,'EEEFM 28 DE NOVEMBRO','ESTADUAL','URBANA',1,'1900-01-01 00:00:00','2199-12-31 23:59:59'),(15,11019743,'EEEF FLORIZEL LAMEGO FERRARI','ESTADUAL','URBANA',1,'1900-01-01 00:00:00','2199-12-31 23:59:59'),(16,11022205,'EEEF ROCHA POMBO','ESTADUAL','URBANA',1,'1900-01-01 00:00:00','2199-12-31 23:59:59'),(17,11022884,'EEEF RUI BARBOSA DE OLIVEIRA','ESTADUAL','URBANA',1,'1900-01-01 00:00:00','2199-12-31 23:59:59'),(18,11026324,'ESCOLA DANIEL BERG','PRIVADA','URBANA',1,'1900-01-01 00:00:00','2199-12-31 23:59:59'),(19,11026464,'EEEF FREI CANECA','ESTADUAL','URBANA',1,'1900-01-01 00:00:00','2199-12-31 23:59:59'),(20,11026499,'EEEFM GRACILIANO RAMOS','ESTADUAL','URBANA',1,'1900-01-01 00:00:00','2199-12-31 23:59:59'),(21,11026812,'EMEIEF MONTEIRO LOBATO','MUNICIPAL','RURAL',1,'1900-01-01 00:00:00','2199-12-31 23:59:59'),(22,11027533,'EMEIEF BRAS CUBAS','MUNICIPAL','RURAL',1,'1900-01-01 00:00:00','2199-12-31 23:59:59'),(23,11029439,'EEEFM CANDIDO PORTINARI','ESTADUAL','URBANA',1,'1900-01-01 00:00:00','2199-12-31 23:59:59'),(24,11029951,'EEEFM JUSCELINO KUBITSCHEK','ESTADUAL','URBANA',1,'1900-01-01 00:00:00','2199-12-31 23:59:59'),(25,11033827,'IEE WILSON CAMARGO','ESTADUAL','URBANA',1,'1900-01-01 00:00:00','2199-12-31 23:59:59'),(26,11035102,'CRECHE MUNICIPAL PINGO DE GENTE','MUNICIPAL','URBANA',1,'1900-01-01 00:00:00','2199-12-31 23:59:59'),(27,11035188,'EMEF PROFESSORA CLAIR DA SILVA WEYH','MUNICIPAL','RURAL',1,'1900-01-01 00:00:00','2199-12-31 23:59:59'),(28,11037822,'EEEF ZAWIDIAJ XIKOPOHV','ESTADUAL','RURAL',1,'1900-01-01 00:00:00','2199-12-31 23:59:59'),(29,11040319,'CEEJA ENALDO LUCAS DE OLIVEIRA','ESTADUAL','URBANA',1,'1900-01-01 00:00:00','2199-12-31 23:59:59'),(30,11042400,'EMEPE MANOEL DE LIMA PAZ','MUNICIPAL','URBANA',1,'1900-01-01 00:00:00','2199-12-31 23:59:59'),(31,11046783,'EMEI PROFESSOR ANTONIO BRASIL','MUNICIPAL','URBANA',1,'1900-01-01 00:00:00','2199-12-31 23:59:59'),(32,11047224,'EEEF PROFESSOR LUIZ CARLOS PAULA ASSIS','ESTADUAL','URBANA',1,'1900-01-01 00:00:00','2199-12-31 23:59:59'),(33,11048158,'EMEI -PARAISO DA CRIANCA','MUNICIPAL','URBANA',1,'1900-01-01 00:00:00','2199-12-31 23:59:59'),(34,11049006,'MAPLE BEAR PORTO VELHO','PRIVADA','URBANA',1,'1900-01-01 00:00:00','2199-12-31 23:59:59'),(35,11049138,'CMEI JEREMIAS ANTERO DIAS','MUNICIPAL','URBANA',1,'1900-01-01 00:00:00','2199-12-31 23:59:59'),(36,11049502,'CENTRO EDUCATIVO SEMEANDO','PRIVADA','URBANA',1,'1900-01-01 00:00:00','2199-12-31 23:59:59'),(37,11049677,'CENTRO MUNICIPAL DE EDUCACAO INFANTIL PEQUENO PRINCIPE','MUNICIPAL','URBANA',1,'1900-01-01 00:00:00','2199-12-31 23:59:59'),(38,11060808,'EMEF ANGELO MARIANO DONADON','MUNICIPAL','URBANA',1,'1900-01-01 00:00:00','2199-12-31 23:59:59'),(39,11064803,'CENTRO MUNICIPAL DE EDUCACAO INFANTIL SONHO DE CRIANCA','MUNICIPAL','URBANA',1,'1900-01-01 00:00:00','2199-12-31 23:59:59'),(40,12001228,'ESC PLACIDO DE CASTRO','ESTADUAL','RURAL',1,'1900-01-01 00:00:00','2199-12-31 23:59:59'),(41,12001295,'ESCOLA MARIA DE NAZARE LIMA','MUNICIPAL','URBANA',1,'1900-01-01 00:00:00','2199-12-31 23:59:59'),(42,12001953,'ESCOLA ARTUR LEBRE','MUNICIPAL','URBANA',1,'1900-01-01 00:00:00','2199-12-31 23:59:59'),(43,12007374,'ESC ALUIZIO SALES','ESTADUAL','RURAL',1,'1900-01-01 00:00:00','2199-12-31 23:59:59'),(44,12007722,'ESC EUGENIO AUGUSTO AREAL','MUNICIPAL','URBANA',1,'1900-01-01 00:00:00','2199-12-31 23:59:59'),(45,12007846,'ESC HERMINIO PESSOA','ESTADUAL','RURAL',1,'1900-01-01 00:00:00','2199-12-31 23:59:59'),(46,12007919,'ESC IRMA EVANGELISTA SIMONATO','ESTADUAL','RURAL',1,'1900-01-01 00:00:00','2199-12-31 23:59:59'),(47,12007935,'ESC ITAMARATY','ESTADUAL','RURAL',1,'1900-01-01 00:00:00','2199-12-31 23:59:59'),(48,12009466,'ESC JOSE CESARIO DE FARIAS','MUNICIPAL','RURAL',1,'1900-01-01 00:00:00','2199-12-31 23:59:59'),(49,12010154,'ESC ELIAS MANSOUR SIMAO','MUNICIPAL','URBANA',1,'1900-01-01 00:00:00','2199-12-31 23:59:59'),(50,12010588,'ESC FLAVIA BARROS PIMENTEL','ESTADUAL','RURAL',1,'1900-01-01 00:00:00','2199-12-31 23:59:59'),(51,12010910,'ESC CENTRO DE INTEGRACAO E CULTURA ALTERNATIVO','PRIVADA','URBANA',1,'1900-01-01 00:00:00','2199-12-31 23:59:59'),(52,12011150,'ESC ARACY CERQUEIRA','ESTADUAL','RURAL',1,'1900-01-01 00:00:00','2199-12-31 23:59:59'),(53,12013099,'ESC PADRE PEREGRINO CARNEIRO DE LIMA','MUNICIPAL','URBANA',1,'1900-01-01 00:00:00','2199-12-31 23:59:59'),(54,12015873,'ESC EDILSA MARIA BATISTA','MUNICIPAL','URBANA',1,'1900-01-01 00:00:00','2199-12-31 23:59:59'),(55,12019062,'ESC DE ENSINO FUNDAMENTAL ABC','PRIVADA','URBANA',1,'1900-01-01 00:00:00','2199-12-31 23:59:59'),(56,12020567,'ESC IOLANDA PEREIRA NUNES','ESTADUAL','RURAL',1,'1900-01-01 00:00:00','2199-12-31 23:59:59'),(57,12020869,'ESC NOVO HORIZONTE','MUNICIPAL','RURAL',1,'1900-01-01 00:00:00','2199-12-31 23:59:59'),(58,12023744,'ESC CAMPO OSORIO','ESTADUAL','RURAL',1,'1900-01-01 00:00:00','2199-12-31 23:59:59'),(59,12026476,'ESC CRECHE PROFª MARIA JOSE BEZERRA DOS REIS','MUNICIPAL','URBANA',1,'1900-01-01 00:00:00','2199-12-31 23:59:59'),(60,12026603,'ESC CRECHE PROFESSORA FRANCISCA LIMA DA SILVA','MUNICIPAL','RURAL',1,'1900-01-01 00:00:00','2199-12-31 23:59:59'),(61,12027081,'ESC JOAO ALVES BEZERRA','MUNICIPAL','RURAL',1,'1900-01-01 00:00:00','2199-12-31 23:59:59'),(62,12029866,'ESC CORACAO DE MENINO JESUS II','ESTADUAL','RURAL',1,'1900-01-01 00:00:00','2199-12-31 23:59:59'),(63,12030422,'ESC CRECHE FRANCISCA SILVA MAIA','MUNICIPAL','URBANA',1,'1900-01-01 00:00:00','2199-12-31 23:59:59'),(64,12031330,'ESCOLA MUNICIPAL LAURO CAVALCANTE DE ANDRADE','MUNICIPAL','URBANA',1,'1900-01-01 00:00:00','2199-12-31 23:59:59'),(65,12031801,'ESC JOSE BERNARDO PINHEIRO','ESTADUAL','RURAL',1,'1900-01-01 00:00:00','2199-12-31 23:59:59'),(66,12032204,'ESC AGUA VIVA','ESTADUAL','RURAL',1,'1900-01-01 00:00:00','2199-12-31 23:59:59'),(67,12032573,'ESC INDIGENA ABIDAO KULINA','MUNICIPAL','RURAL',1,'1900-01-01 00:00:00','2199-12-31 23:59:59'),(68,12056227,'ESC MANOEL GONZAGA BEZERRA FILHO','MUNICIPAL','URBANA',1,'1900-01-01 00:00:00','2199-12-31 23:59:59'),(69,12091260,'ESC BOA UNIAO ENSINO JOVEM','ESTADUAL','URBANA',1,'1900-01-01 00:00:00','2199-12-31 23:59:59'),(70,13008072,'ESC MUL INDIGENA SAO FRANCISCO DE ASSIS','MUNICIPAL','RURAL',1,'1900-01-01 00:00:00','2199-12-31 23:59:59'),(71,13014862,'ESC BOM JARDIM','MUNICIPAL','RURAL',1,'1900-01-01 00:00:00','2199-12-31 23:59:59'),(72,13015753,'ESC RUI BARBOSA','MUNICIPAL','RURAL',1,'1900-01-01 00:00:00','2199-12-31 23:59:59'),(73,13021567,'ESC CASTELO BRANCO I','MUNICIPAL','RURAL',1,'1900-01-01 00:00:00','2199-12-31 23:59:59'),(74,13022792,'EMEF GETULIO VARGAS','MUNICIPAL','RURAL',1,'1900-01-01 00:00:00','2199-12-31 23:59:59'),(75,13023535,'EMEF PROFª MARIA DE NAZARE OLIVEIRA','MUNICIPAL','RURAL',1,'1900-01-01 00:00:00','2199-12-31 23:59:59'),(76,13023730,'EMEF SAO FRANCISCO','MUNICIPAL','RURAL',1,'1900-01-01 00:00:00','2199-12-31 23:59:59'),(77,13023799,'EMEF SAO JOAO DO UBIM','MUNICIPAL','RURAL',1,'1900-01-01 00:00:00','2199-12-31 23:59:59'),(78,13023802,'EMEF SAO JOAO','MUNICIPAL','RURAL',1,'1900-01-01 00:00:00','2199-12-31 23:59:59'),(79,13024361,'EMEF NOVA ESPERANCA','MUNICIPAL','RURAL',1,'1900-01-01 00:00:00','2199-12-31 23:59:59'),(80,13024370,'EMEF BENEDITO GOMES','MUNICIPAL','RURAL',1,'1900-01-01 00:00:00','2199-12-31 23:59:59'),(81,13024388,'EMEF EDUARDO RIBEIRO','MUNICIPAL','RURAL',1,'1900-01-01 00:00:00','2199-12-31 23:59:59'),(82,13025082,'ASSOCIACAO DE CIENCIAS EDUCACAO E TECNOLOGIA DA AMAZONIA - COLEGIO MARTHA FALCAO','PRIVADA','URBANA',1,'1900-01-01 00:00:00','2199-12-31 23:59:59'),(83,13025228,'REDE SESI DE EDUCACAO - AMAZONAS - UNIDADE DE EDUCACAO DRA EMINA BARBOSA MUSTAFA','PRIVADA','URBANA',1,'1900-01-01 00:00:00','2199-12-31 23:59:59'),(84,13025368,'ESCOLA ADVENTISTA DE SAO JORGE','PRIVADA','URBANA',1,'1900-01-01 00:00:00','2199-12-31 23:59:59'),(85,13025376,'ESCOLA ADVENTISTA DA ALVORADA','PRIVADA','URBANA',1,'1900-01-01 00:00:00','2199-12-31 23:59:59'),(86,13026631,'COLEGIO PALAS ATENA','PRIVADA','URBANA',1,'1900-01-01 00:00:00','2199-12-31 23:59:59'),(87,13032968,'COLEGIO GRAO MESTRE VENANCIO IGREJAS LOPES','MUNICIPAL','URBANA',1,'1900-01-01 00:00:00','2199-12-31 23:59:59'),(88,13033000,'ESC ABILIO NERY','MUNICIPAL','RURAL',1,'1900-01-01 00:00:00','2199-12-31 23:59:59'),(89,13033204,'ESC ARAUJO LIMA','MUNICIPAL','RURAL',1,'1900-01-01 00:00:00','2199-12-31 23:59:59'),(90,13034200,'ESC MONTE CRISTO','MUNICIPAL','RURAL',1,'1900-01-01 00:00:00','2199-12-31 23:59:59'),(91,13034260,'ESC MUL PROFESSORA OLGA DE MORAES REGO FIGUEIREDO','MUNICIPAL','URBANA',1,'1900-01-01 00:00:00','2199-12-31 23:59:59'),(92,13034391,'ESC PAULA FRANCINETE','MUNICIPAL','RURAL',1,'1900-01-01 00:00:00','2199-12-31 23:59:59'),(93,13035193,'ESC SANTA LUZIA','MUNICIPAL','RURAL',1,'1900-01-01 00:00:00','2199-12-31 23:59:59'),(94,13040979,'ESCOLA MUNICIPAL JARDIM PINOCCHIO','MUNICIPAL','URBANA',1,'1900-01-01 00:00:00','2199-12-31 23:59:59'),(95,13044346,'ESCOLA MUNICIPAL ARTHUR LIBORIO','MUNICIPAL','RURAL',1,'1900-01-01 00:00:00','2199-12-31 23:59:59'),(96,13049046,'ESC INDIGENA SAO SEBASTIAO','MUNICIPAL','RURAL',1,'1900-01-01 00:00:00','2199-12-31 23:59:59'),(97,13049500,'ESC PROF ALCIDES BRANDAO DE SA','MUNICIPAL','URBANA',1,'1900-01-01 00:00:00','2199-12-31 23:59:59'),(98,13049640,'ESC DR ADELINO COSTA','MUNICIPAL','URBANA',1,'1900-01-01 00:00:00','2199-12-31 23:59:59'),(99,13049674,'ESC CHURARAEMA','MUNICIPAL','RURAL',1,'1900-01-01 00:00:00','2199-12-31 23:59:59'),(100,13050443,'ESCOLA MUNICIPAL NOSSA SENHORA APARECIDA','MUNICIPAL','RURAL',1,'1900-01-01 00:00:00','2199-12-31 23:59:59'),(101,13050710,'ESCOLA MUNICIPAL SAO BENEDITO','MUNICIPAL','RURAL',1,'1900-01-01 00:00:00','2199-12-31 23:59:59'),(102,13056662,'ESC MUN WALDOMIRO LOPES','MUNICIPAL','RURAL',1,'1900-01-01 00:00:00','2199-12-31 23:59:59'),(103,13056689,'EMEF SAO PEDRO','MUNICIPAL','RURAL',1,'1900-01-01 00:00:00','2199-12-31 23:59:59'),(104,13057936,'EMEF LIMA BERNARDO','MUNICIPAL','RURAL',1,'1900-01-01 00:00:00','2199-12-31 23:59:59'),(105,13059670,'ESC PROFª MARIA NIRA GUIMARAES','MUNICIPAL','URBANA',1,'1900-01-01 00:00:00','2199-12-31 23:59:59'),(106,13061127,'ESC MUN SILVIO PINTO RIBEIRO','MUNICIPAL','URBANA',1,'1900-01-01 00:00:00','2199-12-31 23:59:59'),(107,13062689,'ESCOLA MUNICIPAL PROFESSOR ANTONIO DOS REIS MORAIS','MUNICIPAL','URBANA',1,'1900-01-01 00:00:00','2199-12-31 23:59:59'),(108,13062760,'CENTRO EDUCACIONAL BATISTA EMANUEL DE MAUES','MUNICIPAL','URBANA',1,'1900-01-01 00:00:00','2199-12-31 23:59:59'),(109,13062875,'EMEF GERDIAO CABRAL NUNES','MUNICIPAL','URBANA',1,'1900-01-01 00:00:00','2199-12-31 23:59:59'),(110,13062913,'EMEF EDIRALDO SAMPAIO DE OLIVEIRA','MUNICIPAL','RURAL',1,'1900-01-01 00:00:00','2199-12-31 23:59:59'),(111,13065998,'EMEF GOVERNADOR HENOCH DA SILVA REIS','MUNICIPAL','URBANA',1,'1900-01-01 00:00:00','2199-12-31 23:59:59'),(112,13067575,'ESCOLA MUNICIPAL JOSE CARLOS MESTRINHO','MUNICIPAL','URBANA',1,'1900-01-01 00:00:00','2199-12-31 23:59:59'),(113,13067966,'ESC MARIA CONSTANCA PEIXOTO DE PAIVA','MUNICIPAL','RURAL',1,'1900-01-01 00:00:00','2199-12-31 23:59:59'),(114,13068113,'CENTRO EDUCACIONAL ARUANA','PRIVADA','URBANA',1,'1900-01-01 00:00:00','2199-12-31 23:59:59'),(115,13068253,'ESCOLA JOIAS DE CRISTO','PRIVADA','URBANA',1,'1900-01-01 00:00:00','2199-12-31 23:59:59'),(116,13069861,'ESC SAO JOSE','MUNICIPAL','RURAL',1,'1900-01-01 00:00:00','2199-12-31 23:59:59'),(117,13070304,'CENTRO EDUCACIONAL GENESIS','PRIVADA','URBANA',1,'1900-01-01 00:00:00','2199-12-31 23:59:59'),(118,13070355,'ESC SENADOR FABIO LUCENA','MUNICIPAL','URBANA',1,'1900-01-01 00:00:00','2199-12-31 23:59:59'),(119,13073087,'ESC IRMAS DOROTEIAS','MUNICIPAL','URBANA',1,'1900-01-01 00:00:00','2199-12-31 23:59:59'),(120,13074814,'ESC MARIA DO SOCORRO BRITO LIMA','MUNICIPAL','URBANA',1,'1900-01-01 00:00:00','2199-12-31 23:59:59'),(121,13075772,'ESC MARIA GUIMARAES DE ALMEIDA','MUNICIPAL','RURAL',1,'1900-01-01 00:00:00','2199-12-31 23:59:59'),(122,13077007,'ESC MUNICIPAL PROFª VIVINA CANTALICE','MUNICIPAL','URBANA',1,'1900-01-01 00:00:00','2199-12-31 23:59:59'),(123,13079549,'EMEF PROFº MANOEL AFONSO DE BRITO','MUNICIPAL','URBANA',1,'1900-01-01 00:00:00','2199-12-31 23:59:59'),(124,13081365,'ESCOLAS IDAAM - UNIDADE CACHOEIRINHA','PRIVADA','URBANA',1,'1900-01-01 00:00:00','2199-12-31 23:59:59'),(125,13085662,'EMEF ZORAIDA RIBEIRO ALEXANDRE','MUNICIPAL','URBANA',1,'1900-01-01 00:00:00','2199-12-31 23:59:59'),(126,13094157,'CRECHE MUNICIPAL SONHO MEU','MUNICIPAL','URBANA',1,'1900-01-01 00:00:00','2199-12-31 23:59:59'),(127,13094661,'ESC DESEMBARGADOR DR FRANCISCO DAS CHAGAS AUZIER M','MUNICIPAL','URBANA',1,'1900-01-01 00:00:00','2199-12-31 23:59:59'),(128,13094939,'EMEF ANDRADE SILVA DINIZ','MUNICIPAL','RURAL',1,'1900-01-01 00:00:00','2199-12-31 23:59:59'),(129,13095986,'EMEF ROSA DE OLIVEIRA SENA','MUNICIPAL','RURAL',1,'1900-01-01 00:00:00','2199-12-31 23:59:59'),(130,13100521,'ESCOLA MUNICIPAL MARIA ELISANGELA LITAIFF','MUNICIPAL','URBANA',1,'1900-01-01 00:00:00','2199-12-31 23:59:59'),(131,13101382,'EMEF LAZARO BARROSO DIAS','MUNICIPAL','URBANA',1,'1900-01-01 00:00:00','2199-12-31 23:59:59'),(132,13101412,'CRECHE MUNICIPAL LIGIA MARIA SILVA MARINHO','MUNICIPAL','URBANA',1,'1900-01-01 00:00:00','2199-12-31 23:59:59'),(133,13125800,'ESC MUL SAO MIGUEL ARCANJO','MUNICIPAL','URBANA',1,'1900-01-01 00:00:00','2199-12-31 23:59:59'),(134,13132237,'ESC EST SANTO ANTONIO DO MATUPY','ESTADUAL','RURAL',1,'1900-01-01 00:00:00','2199-12-31 23:59:59'),(135,13191209,'ESC DONA MARTA','MUNICIPAL','RURAL',1,'1900-01-01 00:00:00','2199-12-31 23:59:59'),(136,13241206,'ESCOLA MUNICIPAL RAIMUNDO NONATO TEIXEIRA','MUNICIPAL','URBANA',1,'1900-01-01 00:00:00','2199-12-31 23:59:59'),(137,13324233,'IFAM - CAMPUS LABREA','FEDERAL','URBANA',1,'1900-01-01 00:00:00','2199-12-31 23:59:59'),(138,14000741,'ESCOLA ESTADUAL BURITI','ESTADUAL','URBANA',1,'1900-01-01 00:00:00','2199-12-31 23:59:59'),(139,14000792,'CENTRO EDUCACIONAL OBJETIVO MACUNAIMA','PRIVADA','URBANA',1,'1900-01-01 00:00:00','2199-12-31 23:59:59'),(140,14001055,'ESC INSTITUTO BATISTA DE RORAIMA','PRIVADA','URBANA',1,'1900-01-01 00:00:00','2199-12-31 23:59:59'),(141,14001233,'ESC MUN DALICIO FARIA FILHO','MUNICIPAL','URBANA',1,'1900-01-01 00:00:00','2199-12-31 23:59:59'),(142,14001241,'ESC MUN BALDUINO WOTTRICH','MUNICIPAL','RURAL',1,'1900-01-01 00:00:00','2199-12-31 23:59:59'),(143,14001268,'ESC MUN MARTINHA THURY VIEIRA','MUNICIPAL','URBANA',1,'1900-01-01 00:00:00','2199-12-31 23:59:59'),(144,14001578,'ESCOLA MUNICIPAL PROFESORA EDSONINA DE BARROS VILLA','MUNICIPAL','URBANA',1,'1900-01-01 00:00:00','2199-12-31 23:59:59'),(145,14001772,'ESCOLA ESTADUAL SAO VICENTE DE PAULA','ESTADUAL','URBANA',1,'1900-01-01 00:00:00','2199-12-31 23:59:59'),(146,14002086,'ESC MUNICIPAL PROFª CARMEM EUGENIA MACAGGI','MUNICIPAL','URBANA',1,'1900-01-01 00:00:00','2199-12-31 23:59:59'),(147,14002132,'ESCOLA ESTADUAL PROFESSORA DIVA ALVES DE LIMA','ESTADUAL','URBANA',1,'1900-01-01 00:00:00','2199-12-31 23:59:59'),(148,14002914,'ESCOLA MUNICIPAL CANTINHO FELIZ','MUNICIPAL','RURAL',1,'1900-01-01 00:00:00','2199-12-31 23:59:59'),(149,14006162,'ESCOLA ESTADUAL PROFESSOR VOLTAIRE PINTO RIBEIRO','ESTADUAL','URBANA',1,'1900-01-01 00:00:00','2199-12-31 23:59:59'),(150,14006200,'ESCOLA ESTADUAL SENADOR HELIO DA COSTA CAMPOS','ESTADUAL','URBANA',1,'1900-01-01 00:00:00','2199-12-31 23:59:59'),(151,14007177,'ESCOLA MUNICIPAL ISETE EVANGELISTA ALBUQUERQUE','MUNICIPAL','URBANA',1,'1900-01-01 00:00:00','2199-12-31 23:59:59'),(152,14007185,'ESCOLA MUNICIPAL HILDA FRANCO DE SOUZA','MUNICIPAL','URBANA',1,'1900-01-01 00:00:00','2199-12-31 23:59:59'),(153,14320592,'ESC MUNICIPAL VOVO DANDAE','MUNICIPAL','URBANA',1,'1900-01-01 00:00:00','2199-12-31 23:59:59'),(154,14321076,'ESCOLA MUNICIPAL CUNHATA CURUMIM','MUNICIPAL','URBANA',1,'1900-01-01 00:00:00','2199-12-31 23:59:59'),(155,14321513,'ESCOLA MUN BRANCA DE NEVE','MUNICIPAL','URBANA',1,'1900-01-01 00:00:00','2199-12-31 23:59:59'),(156,14322641,'ESCOLA ESTADUAL ALDEBARO JOSE ALCANTARA','ESTADUAL','URBANA',1,'1900-01-01 00:00:00','2199-12-31 23:59:59'),(157,14322811,'ESC MUN LUIZ CANARA','MUNICIPAL','URBANA',1,'1900-01-01 00:00:00','2199-12-31 23:59:59'),(158,14322943,'ESCOLA MUNICIPAL VOVO CLARA','MUNICIPAL','URBANA',1,'1900-01-01 00:00:00','2199-12-31 23:59:59'),(159,14324016,'ESCOLA ESTADUAL MARIA MARISELMA DE OLIVEIRA CRUZ','ESTADUAL','URBANA',1,'1900-01-01 00:00:00','2199-12-31 23:59:59'),(160,14324024,'ESC MUN FREI ARTUR AGOSTINI','MUNICIPAL','URBANA',1,'1900-01-01 00:00:00','2199-12-31 23:59:59'),(161,14324407,'ESC MUN PROFª AMAZONA DE OLIVEIRA MONTEIRO','MUNICIPAL','URBANA',1,'1900-01-01 00:00:00','2199-12-31 23:59:59'),(162,14325047,'ESCOLA MUNICIPAL DELACIR DE MELO LIMA','MUNICIPAL','URBANA',1,'1900-01-01 00:00:00','2199-12-31 23:59:59'),(163,15021610,'E M E F BOA ESPERANCA I','MUNICIPAL','RURAL',1,'1900-01-01 00:00:00','2199-12-31 23:59:59'),(164,15022145,'E M E I F SALMO 23','MUNICIPAL','RURAL',1,'1900-01-01 00:00:00','2199-12-31 23:59:59'),(165,15023290,'E M E F JOAQUIM MATIAS','MUNICIPAL','RURAL',1,'1900-01-01 00:00:00','2199-12-31 23:59:59'),(166,15023745,'E M E F SAO BENTO','MUNICIPAL','RURAL',1,'1900-01-01 00:00:00','2199-12-31 23:59:59'),(167,15033171,'EMEIF CHACARA','MUNICIPAL','RURAL',1,'1900-01-01 00:00:00','2199-12-31 23:59:59'),(168,15061817,'E M E F ADELSON A DE SOUSA','MUNICIPAL','RURAL',1,'1900-01-01 00:00:00','2199-12-31 23:59:59'),(169,15068153,'E M E I CRIANCA ESPERANCA','MUNICIPAL','URBANA',1,'1900-01-01 00:00:00','2199-12-31 23:59:59'),(170,15071790,'E M E F DE ACUA','MUNICIPAL','RURAL',1,'1900-01-01 00:00:00','2199-12-31 23:59:59'),(171,15076407,'E M E F VILA DO CARMO','MUNICIPAL','RURAL',1,'1900-01-01 00:00:00','2199-12-31 23:59:59'),(172,15076504,'EMEF ALMIRANTE BARROSO','MUNICIPAL','URBANA',1,'1900-01-01 00:00:00','2199-12-31 23:59:59'),(173,15097773,'E M E F EM CUMARU ITAPURITEUA','MUNICIPAL','RURAL',1,'1900-01-01 00:00:00','2199-12-31 23:59:59'),(174,15101800,'E M E F JESUS VIRA','MUNICIPAL','RURAL',1,'1900-01-01 00:00:00','2199-12-31 23:59:59'),(175,15102041,'E M E I F SAO FRANCISCO DAS CHAGAS','MUNICIPAL','URBANA',1,'1900-01-01 00:00:00','2199-12-31 23:59:59'),(176,15118886,'E M E F LUIZ GUILHERME','MUNICIPAL','URBANA',1,'1900-01-01 00:00:00','2199-12-31 23:59:59'),(177,15119475,'E M E F ROBERTO FERNANDES OLIVEIRA','MUNICIPAL','URBANA',1,'1900-01-01 00:00:00','2199-12-31 23:59:59'),(178,15119491,'E M E I F SALMONOZOR BRASIL','MUNICIPAL','URBANA',1,'1900-01-01 00:00:00','2199-12-31 23:59:59'),(179,15119610,'E M E I UNIDOS EM CRISTO','MUNICIPAL','URBANA',1,'1900-01-01 00:00:00','2199-12-31 23:59:59'),(180,15125823,'E M E F CHICO MENDES II','MUNICIPAL','URBANA',1,'1900-01-01 00:00:00','2199-12-31 23:59:59'),(181,15127818,'E M E F GROTA DA CUTIA','MUNICIPAL','RURAL',1,'1900-01-01 00:00:00','2199-12-31 23:59:59'),(182,15127974,'E M E F JOAO ANASTACIO DE QUEIROZ','MUNICIPAL','URBANA',1,'1900-01-01 00:00:00','2199-12-31 23:59:59'),(183,15128334,'EMEF JOSE ALVES DE CARVALHO','MUNICIPAL','URBANA',1,'1900-01-01 00:00:00','2199-12-31 23:59:59'),(184,15140725,'SISTEMA DE ENSINO AMAZONIA','PRIVADA','URBANA',1,'1900-01-01 00:00:00','2199-12-31 23:59:59'),(185,15156915,'E M E I F PROFª MARIA CLARICE GARCIA','MUNICIPAL','URBANA',1,'1900-01-01 00:00:00','2199-12-31 23:59:59'),(186,15158586,'E M E I FRANCISCO BRASILINO DA FONSECA','MUNICIPAL','URBANA',1,'1900-01-01 00:00:00','2199-12-31 23:59:59'),(187,15165124,'ESPACO MUNICIPAL DE EDUCACAO INFANTIL DO SANTARENZINHO','MUNICIPAL','URBANA',1,'1900-01-01 00:00:00','2199-12-31 23:59:59'),(188,15169014,'CENTRO DE ESTUDO MUNDO INFANTIL','PRIVADA','URBANA',1,'1900-01-01 00:00:00','2199-12-31 23:59:59'),(189,15225003,'EMEF JOSE MARIA RODRIGUES VIEGAS JUNIOR','MUNICIPAL','URBANA',1,'1900-01-01 00:00:00','2199-12-31 23:59:59'),(190,15521605,'CENTRO EDUCACIONAL ESPACO FELIZ','PRIVADA','URBANA',1,'1900-01-01 00:00:00','2199-12-31 23:59:59'),(191,15523837,'SOC SIMPLES O MUNDO DA ABELHINHA','PRIVADA','URBANA',1,'1900-01-01 00:00:00','2199-12-31 23:59:59'),(192,15545423,'E M E F M S JOSE','MUNICIPAL','RURAL',1,'1900-01-01 00:00:00','2199-12-31 23:59:59'),(193,15551822,'EEFRC CENTRO EDUCACIONAL PROFISSIONALIZANTE MEST','MUNICIPAL','URBANA',1,'1900-01-01 00:00:00','2199-12-31 23:59:59'),(194,15554503,'E M E F SANTO ANTONIO','MUNICIPAL','URBANA',1,'1900-01-01 00:00:00','2199-12-31 23:59:59'),(195,15560430,'E M E F PASTOR JONAS RIBEIRO DE SOUZA','MUNICIPAL','URBANA',1,'1900-01-01 00:00:00','2199-12-31 23:59:59'),(196,15562000,'COLEGIO MAANAIM','PRIVADA','URBANA',1,'1900-01-01 00:00:00','2199-12-31 23:59:59'),(197,15564347,'ESCOLA EVANGELICA MESTRE JESUS','PRIVADA','URBANA',1,'1900-01-01 00:00:00','2199-12-31 23:59:59'),(198,15565360,'E M E F MARIA DAS DORES SA','MUNICIPAL','RURAL',1,'1900-01-01 00:00:00','2199-12-31 23:59:59'),(199,15565629,'CENTRO EDUCACIONAL SANTA RITA DE CASSIA','PRIVADA','URBANA',1,'1900-01-01 00:00:00','2199-12-31 23:59:59'),(200,15567087,'UMEI UBALDO CORREA','MUNICIPAL','RURAL',1,'1900-01-01 00:00:00','2199-12-31 23:59:59'),(201,15568482,'E M E I F ESTEFANIA MONTEIRO','MUNICIPAL','RURAL',1,'1900-01-01 00:00:00','2199-12-31 23:59:59'),(202,15584003,'E M E F COSTA RICA','MUNICIPAL','RURAL',1,'1900-01-01 00:00:00','2199-12-31 23:59:59'),(203,15589250,'E M E F ELISALDO RIBEIRO DE FARIAS','MUNICIPAL','URBANA',1,'1900-01-01 00:00:00','2199-12-31 23:59:59'),(204,15590836,'CENTRO EDUCACIONAL AQUARELA','PRIVADA','URBANA',1,'1900-01-01 00:00:00','2199-12-31 23:59:59'),(205,16000030,'ESCOLA ESTADUAL IVANILDO FORTES DA SILVA','ESTADUAL','RURAL',1,'1900-01-01 00:00:00','2199-12-31 23:59:59'),(206,16000641,'ESC EST VEIGA CABRAL','ESTADUAL','URBANA',1,'1900-01-01 00:00:00','2199-12-31 23:59:59'),(207,16002016,'COLEGIO SANTA BARTOLOMEA CAPITANIO','PRIVADA','URBANA',1,'1900-01-01 00:00:00','2199-12-31 23:59:59'),(208,16003420,'ESC EST PROF ONEIDE PINTO LIMA','ESTADUAL','URBANA',1,'1900-01-01 00:00:00','2199-12-31 23:59:59'),(209,16003640,'ESC EST ANDRE NEVES ROSA','ESTADUAL','RURAL',1,'1900-01-01 00:00:00','2199-12-31 23:59:59'),(210,16004116,'ESC MUL ACRE','MUNICIPAL','URBANA',1,'1900-01-01 00:00:00','2199-12-31 23:59:59'),(211,16004400,'ESC EST ALMIRANTE BARROSO','ESTADUAL','URBANA',1,'1900-01-01 00:00:00','2199-12-31 23:59:59'),(212,16005341,'ESC EST D PEDRO I','ESTADUAL','URBANA',1,'1900-01-01 00:00:00','2199-12-31 23:59:59'),(213,16007735,'NUCLEO DE EDUCACAO INTEGRADA - NEI','PRIVADA','URBANA',1,'1900-01-01 00:00:00','2199-12-31 23:59:59'),(214,16008286,'ESC MUL JOSAFA AIRES DA COSTA','MUNICIPAL','URBANA',1,'1900-01-01 00:00:00','2199-12-31 23:59:59'),(215,16008294,'ESC MUL PROFª ODETE ALMEIDA LOPES','MUNICIPAL','URBANA',1,'1900-01-01 00:00:00','2199-12-31 23:59:59'),(216,16010949,'ESC EST ALZIRA DE LIMA SANTOS','ESTADUAL','URBANA',1,'1900-01-01 00:00:00','2199-12-31 23:59:59'),(217,17003466,'ESCOLA MUNICIPAL 1 DE JUNHO','MUNICIPAL','URBANA',1,'1900-01-01 00:00:00','2199-12-31 23:59:59'),(218,17003865,'ESCOLA MUNICIPAL ANAJAS','MUNICIPAL','RURAL',1,'1900-01-01 00:00:00','2199-12-31 23:59:59'),(219,17010934,'ESC EST PRESIDENTE COSTA E SILVA','ESTADUAL','URBANA',1,'1900-01-01 00:00:00','2199-12-31 23:59:59'),(220,17017165,'COL EST JOAO TAVARES MARTINS','ESTADUAL','URBANA',1,'1900-01-01 00:00:00','2199-12-31 23:59:59'),(221,17020735,'ESCOLA MUNICIPAL PROFESSORA FILOMENA ROCHA SOARES','MUNICIPAL','URBANA',1,'1900-01-01 00:00:00','2199-12-31 23:59:59'),(222,17021952,'ESCOLA MUNICIPAL JOSE PEREIRA DA CRUZ','MUNICIPAL','URBANA',1,'1900-01-01 00:00:00','2199-12-31 23:59:59'),(223,17021995,'ESCOLA MUNICIPAL ODAIR LUCIO','MUNICIPAL','URBANA',1,'1900-01-01 00:00:00','2199-12-31 23:59:59'),(224,17022002,'ESC MUL ORLINDO PEREIRA DA MOTA','MUNICIPAL','URBANA',1,'1900-01-01 00:00:00','2199-12-31 23:59:59'),(225,17024846,'COL SAGRADO CORACAO DE JESUS','PRIVADA','URBANA',1,'1900-01-01 00:00:00','2199-12-31 23:59:59'),(226,17025060,'ESCOLA MUNICIPAL ANTONIO BENEDITO BORGES','MUNICIPAL','RURAL',1,'1900-01-01 00:00:00','2199-12-31 23:59:59'),(227,17026423,'ESCOLA MUNICIPAL DE TEMPO INTEGRAL APRIGIO TOMAZ DE MATOS','MUNICIPAL','RURAL',1,'1900-01-01 00:00:00','2199-12-31 23:59:59'),(228,17026628,'ESCOLA MUNICIPAL DE TEMPO INTEGRAL JOAO BELTRAO','MUNICIPAL','RURAL',1,'1900-01-01 00:00:00','2199-12-31 23:59:59'),(229,17032962,'CENTRO MUNICIPAL DE EDUCACAO INFANTIL IRMA LUCILIA','MUNICIPAL','URBANA',1,'1900-01-01 00:00:00','2199-12-31 23:59:59'),(230,17041279,'ESC MUL D PEDRO I','MUNICIPAL','RURAL',1,'1900-01-01 00:00:00','2199-12-31 23:59:59'),(231,17043280,'ESCOLA MUNICIPAL DE TEMPO INTEGRAL CAROLINE CAMPELO CRUZ DA SILVA','MUNICIPAL','URBANA',1,'1900-01-01 00:00:00','2199-12-31 23:59:59'),(232,17044901,'COLEGIO ALBERT EINSTEIN','PRIVADA','URBANA',1,'1900-01-01 00:00:00','2199-12-31 23:59:59'),(233,17046270,'CENTRO DE ENSINO MEDIO DR JOSE ALUISIO DA SILVA LUZ','ESTADUAL','URBANA',1,'1900-01-01 00:00:00','2199-12-31 23:59:59'),(234,17047552,'CRECHE ARCO IRES','MUNICIPAL','URBANA',1,'1900-01-01 00:00:00','2199-12-31 23:59:59'),(235,17048966,'ESC MUL DR EDIMAR DE PAULA','MUNICIPAL','URBANA',1,'1900-01-01 00:00:00','2199-12-31 23:59:59'),(236,17049059,'CRECHE AURENY SIQUEIRA CAMPOS','MUNICIPAL','URBANA',1,'1900-01-01 00:00:00','2199-12-31 23:59:59'),(237,17050235,'CENTRO MUNICIPAL DE EDUCACAO INFANTIL RECANTO INFANTIL','MUNICIPAL','URBANA',1,'1900-01-01 00:00:00','2199-12-31 23:59:59'),(238,17051550,'CRECHE MUNICIPAL PROFESSOR GABRIEL ARAUJO CARVALHO','MUNICIPAL','URBANA',1,'1900-01-01 00:00:00','2199-12-31 23:59:59'),(239,17055245,'CENTRO MUNICIPAL DE EDUCACAO INFANTIL PEQUENOS BRILHANTES','MUNICIPAL','URBANA',1,'1900-01-01 00:00:00','2199-12-31 23:59:59'),(240,17055482,'CENTRO MUNICIPAL DE EDUCACAO INFANTIL PEQUENINOS DO CERRADO','MUNICIPAL','URBANA',1,'1900-01-01 00:00:00','2199-12-31 23:59:59'),(241,17069408,'ESCOLA MUNICIPAL DE TEMPO INTEGRAL EURIDICE FERREIRA DE MELLO','MUNICIPAL','URBANA',1,'1900-01-01 00:00:00','2199-12-31 23:59:59'),(242,17094828,'CENTRO MUNICIPAL DE EDUCACAO INFANTIL PARAISO INFANTIL','MUNICIPAL','URBANA',1,'1900-01-01 00:00:00','2199-12-31 23:59:59'),(243,17095816,'CENTRO MUNICIPAL DE EDUCACAO INFANTIL CONTOS DE FADA','MUNICIPAL','URBANA',1,'1900-01-01 00:00:00','2199-12-31 23:59:59'),(244,41023528,'CENTRO DE EDUCACAO INFANTIL ABELHINHA CRIATIVA SEDE','PRIVADA','URBANA',1,'1900-01-01 00:00:00','2199-12-31 23:59:59'),(245,41023900,'CRIARTE E - ED INF ENS FUND-SEDE','PRIVADA','URBANA',1,'1900-01-01 00:00:00','2199-12-31 23:59:59'),(246,41024699,'SANTO INACIO COLEGIO EDUCACAO INFANTIL ENSINO FUNDAMENTAL E MEDIO','PRIVADA','URBANA',1,'1900-01-01 00:00:00','2199-12-31 23:59:59'),(247,41101324,'COLEGIO SESI- EDUCACAO INFANTIL E ENSINO MEDIO','PRIVADA','URBANA',1,'1900-01-01 00:00:00','2199-12-31 23:59:59'),(248,41102924,'ESCOLA VICENTINA SANTA ANA - EDUCACAO INFANTIL E ENSINO FUNDAMENTAL','PRIVADA','URBANA',1,'1900-01-01 00:00:00','2199-12-31 23:59:59'),(249,41363868,'JOANA DE ANGELIS CTRO DE EDUC INF','PRIVADA','URBANA',1,'1900-01-01 00:00:00','2199-12-31 23:59:59'),(250,41377257,'CENTRO DE EDUCACAO INFANTIL FELIZ SENHORA DA LUZ','PRIVADA','URBANA',1,'1900-01-01 00:00:00','2199-12-31 23:59:59'),(251,42004071,'ESCOLA REUNIDA PROFESSOR DANIEL CARLOS WEINGARTNER','MUNICIPAL','RURAL',1,'1900-01-01 00:00:00','2199-12-31 23:59:59'),(252,42010900,'CEIM ENG JORGE FRYDBERG','MUNICIPAL','URBANA',1,'1900-01-01 00:00:00','2199-12-31 23:59:59'),(253,42011396,'EMEIEF CASEMIRO STACHURSKI','MUNICIPAL','RURAL',1,'1900-01-01 00:00:00','2199-12-31 23:59:59'),(254,42015421,'EBM MACHADO DE ASSIS','MUNICIPAL','URBANA',1,'1900-01-01 00:00:00','2199-12-31 23:59:59'),(255,42015642,'EBM ALBERTO STEIN','MUNICIPAL','URBANA',1,'1900-01-01 00:00:00','2199-12-31 23:59:59'),(256,42016428,'EBM ALMIRANTE BARROSO','MUNICIPAL','URBANA',1,'1900-01-01 00:00:00','2199-12-31 23:59:59'),(257,42020980,'ASSOCIACAO BENEFICENTE BAKHITA','PRIVADA','URBANA',1,'1900-01-01 00:00:00','2199-12-31 23:59:59'),(258,42035562,'CRECHE DONA OSVALDINA SOUZA ORLANDI','MUNICIPAL','URBANA',1,'1900-01-01 00:00:00','2199-12-31 23:59:59'),(259,42043611,'GE MUN PROFº ADOLFO BECKER','MUNICIPAL','URBANA',1,'1900-01-01 00:00:00','2199-12-31 23:59:59'),(260,42066808,'PE PEQUENO PRINCIPE','MUNICIPAL','RURAL',1,'1900-01-01 00:00:00','2199-12-31 23:59:59'),(261,42068665,'COLEGIO CENECISTA PEDRO ANTONIO FAYAL','PRIVADA','URBANA',1,'1900-01-01 00:00:00','2199-12-31 23:59:59'),(262,42075670,'CRECHE MUN MARIA CARLOTA CORDOSO','MUNICIPAL','URBANA',1,'1900-01-01 00:00:00','2199-12-31 23:59:59'),(263,42075726,'CRECHE MUNICIPAL DURVALINA VENIER SERPA','MUNICIPAL','RURAL',1,'1900-01-01 00:00:00','2199-12-31 23:59:59'),(264,42080118,'SESI ESCOLA EDUC INFANTIL - ENS FUNDAMENTAL','PRIVADA','URBANA',1,'1900-01-01 00:00:00','2199-12-31 23:59:59'),(265,42081440,'EEBM PROFª MARIA DE LOURDES NICOLAU ZIMMERMANN','MUNICIPAL','URBANA',1,'1900-01-01 00:00:00','2199-12-31 23:59:59'),(266,42081467,'CEIM CAROCHINHA','MUNICIPAL','RURAL',1,'1900-01-01 00:00:00','2199-12-31 23:59:59'),(267,42081653,'EEBM SENADOR FRANCISCO BENJAMIM GALLOTTI','MUNICIPAL','RURAL',1,'1900-01-01 00:00:00','2199-12-31 23:59:59'),(268,42081661,'EEBM FAZENDA VITORIA','MUNICIPAL','RURAL',1,'1900-01-01 00:00:00','2199-12-31 23:59:59'),(269,42081742,'ESCOLA DE EDUCACAO BASICA MUNICIPAL COBRE','MUNICIPAL','URBANA',1,'1900-01-01 00:00:00','2199-12-31 23:59:59'),(270,42091306,'EMEB PROFESSORA GERTRUDES STEILEIN MILBRATZ','MUNICIPAL','URBANA',1,'1900-01-01 00:00:00','2199-12-31 23:59:59'),(271,42091586,'EMEB ALBERTO BAUER','MUNICIPAL','URBANA',1,'1900-01-01 00:00:00','2199-12-31 23:59:59'),(272,42098378,'EMEB MENINO JESUS','MUNICIPAL','URBANA',1,'1900-01-01 00:00:00','2199-12-31 23:59:59'),(273,42099498,'EMEIEF AURELIO PEDRO VICARI','MUNICIPAL','URBANA',1,'1900-01-01 00:00:00','2199-12-31 23:59:59'),(274,42109507,'EB MUN BAIRRO BORTOLOTTO','MUNICIPAL','URBANA',1,'1900-01-01 00:00:00','2199-12-31 23:59:59'),(275,42111200,'CENTRO EDUCACAO INFANTIL TIA NORMA','MUNICIPAL','URBANA',1,'1900-01-01 00:00:00','2199-12-31 23:59:59'),(276,42112125,'EMEB GUILHERME HANEMANN','MUNICIPAL','URBANA',1,'1900-01-01 00:00:00','2199-12-31 23:59:59'),(277,42113008,'EEBM PROF REALINA FELLER ROBERTI','MUNICIPAL','URBANA',1,'1900-01-01 00:00:00','2199-12-31 23:59:59'),(278,42120101,'ESCOLA RECANTO AZUL','PRIVADA','URBANA',1,'1900-01-01 00:00:00','2199-12-31 23:59:59'),(279,42124530,'CAIC AYRTON SENNA DA SILVA','MUNICIPAL','URBANA',1,'1900-01-01 00:00:00','2199-12-31 23:59:59'),(280,42124620,'EBM PROF JOAO JOAQUIM FRONZA','MUNICIPAL','URBANA',1,'1900-01-01 00:00:00','2199-12-31 23:59:59'),(281,42126231,'CEI PROFESSORA MARINA ALVES MAUS','MUNICIPAL','URBANA',1,'1900-01-01 00:00:00','2199-12-31 23:59:59'),(282,42131090,'ESCOLA BASICA MUNICIPAL IDA BEATRIZ BRUNATO DE CAMARGO','MUNICIPAL','URBANA',1,'1900-01-01 00:00:00','2199-12-31 23:59:59'),(283,42133823,'CEI SOFIA DUBIELLA','MUNICIPAL','URBANA',1,'1900-01-01 00:00:00','2199-12-31 23:59:59'),(284,42135290,'CEI INGO WOLFGANG HERING','MUNICIPAL','URBANA',1,'1900-01-01 00:00:00','2199-12-31 23:59:59'),(285,42139899,'CEIM ALFEU ROGERIO DE LIZ E SILVA','MUNICIPAL','URBANA',1,'1900-01-01 00:00:00','2199-12-31 23:59:59'),(286,42146690,'CMEI PEQUENOS ANJOS','MUNICIPAL','URBANA',1,'1900-01-01 00:00:00','2199-12-31 23:59:59'),(287,42333261,'CEM MEDIACAO','MUNICIPAL','URBANA',1,'1900-01-01 00:00:00','2199-12-31 23:59:59'),(288,43000037,'NEEJA NOVO HORIZONTE','ESTADUAL','URBANA',1,'1900-01-01 00:00:00','2199-12-31 23:59:59'),(289,43000363,'EMEI CRIANCA FELIZ','MUNICIPAL','URBANA',1,'1900-01-01 00:00:00','2199-12-31 23:59:59'),(290,43001173,'EEI MUNDO DO MICKEY','PRIVADA','URBANA',1,'1900-01-01 00:00:00','2199-12-31 23:59:59'),(291,43002960,'EMEI ALGODAO DOCE','MUNICIPAL','RURAL',1,'1900-01-01 00:00:00','2199-12-31 23:59:59'),(292,43005420,'EMEI RECANTO DOS GIRASSOIS','MUNICIPAL','URBANA',1,'1900-01-01 00:00:00','2199-12-31 23:59:59'),(293,43009735,'TECBRASIL - ESC EDUC PROFISSIONAL','PRIVADA','URBANA',1,'1900-01-01 00:00:00','2199-12-31 23:59:59'),(294,43010032,'ESC EST DE ENSINO MEDIO CLAUDIO ANTONIO BENVEGNU','ESTADUAL','URBANA',1,'1900-01-01 00:00:00','2199-12-31 23:59:59'),(295,43012213,'ESC EST DE ENS FUND BARROS CASSAL','ESTADUAL','RURAL',1,'1900-01-01 00:00:00','2199-12-31 23:59:59'),(296,43013619,'EMEF CORONEL APARICIO GONCALVES BORGES','MUNICIPAL','URBANA',1,'1900-01-01 00:00:00','2199-12-31 23:59:59'),(297,43013643,'EMEF DOM PEDRO II','MUNICIPAL','URBANA',1,'1900-01-01 00:00:00','2199-12-31 23:59:59'),(298,43013686,'EMEF IDALINA DE FREITAS LIMA','MUNICIPAL','URBANA',1,'1900-01-01 00:00:00','2199-12-31 23:59:59'),(299,43013724,'EMEF PODALIRIO INACIO DE BARCELLOS','MUNICIPAL','URBANA',1,'1900-01-01 00:00:00','2199-12-31 23:59:59'),(300,43013830,'EMEF RUI BARBOSA','MUNICIPAL','URBANA',1,'1900-01-01 00:00:00','2199-12-31 23:59:59'),(301,43019730,'EMEF DR JOAO THIAGO DO PATROCINIO','MUNICIPAL','URBANA',1,'1900-01-01 00:00:00','2199-12-31 23:59:59'),(302,43019811,'EMEF GENERAL EMILIO LUIZ MALLET','MUNICIPAL','URBANA',1,'1900-01-01 00:00:00','2199-12-31 23:59:59'),(303,43019935,'EMEF SANTOS DUMONT','MUNICIPAL','URBANA',1,'1900-01-01 00:00:00','2199-12-31 23:59:59'),(304,43020372,'EMEF PROFESSORA RENY DA ROSA COLLARES','MUNICIPAL','URBANA',1,'1900-01-01 00:00:00','2199-12-31 23:59:59'),(305,43020380,'EMEF DR DARCY AZAMBUJA','MUNICIPAL','URBANA',1,'1900-01-01 00:00:00','2199-12-31 23:59:59'),(306,43021778,'COL ESTADUAL DR CARLOS PINTO DE ALBUQUERQUE','ESTADUAL','URBANA',1,'1900-01-01 00:00:00','2199-12-31 23:59:59'),(307,43022316,'COLEGIO MARISTA NOSSA SENHORA APARECIDA','PRIVADA','URBANA',1,'1900-01-01 00:00:00','2199-12-31 23:59:59'),(308,43023541,'EEEF LUIZ FORNASIER','ESTADUAL','URBANA',1,'1900-01-01 00:00:00','2199-12-31 23:59:59'),(309,43025269,'EMEI ALVARO HAUBERT','MUNICIPAL','URBANA',1,'1900-01-01 00:00:00','2199-12-31 23:59:59'),(310,43026346,'EMEF EMILIO BAUER','MUNICIPAL','RURAL',1,'1900-01-01 00:00:00','2199-12-31 23:59:59'),(311,43026397,'EEEM ERNI OSCAR FAUTH','ESTADUAL','URBANA',1,'1900-01-01 00:00:00','2199-12-31 23:59:59'),(312,43029345,'EEEM DR LIBERATO SALZANO VIEIRA DA CUNHA','ESTADUAL','URBANA',1,'1900-01-01 00:00:00','2199-12-31 23:59:59'),(313,43029698,'EEEM RUY BARBOSA','ESTADUAL','URBANA',1,'1900-01-01 00:00:00','2199-12-31 23:59:59'),(314,43029833,'EMEF CARLOS ANTONIO WILKENS','MUNICIPAL','URBANA',1,'1900-01-01 00:00:00','2199-12-31 23:59:59'),(315,43029876,'EMEF GETULIO VARGAS','MUNICIPAL','URBANA',1,'1900-01-01 00:00:00','2199-12-31 23:59:59'),(316,43029914,'IEE PRINCESA ISABEL','ESTADUAL','URBANA',1,'1900-01-01 00:00:00','2199-12-31 23:59:59'),(317,43030203,'ESC MUN DE ENS FUND PROFESSORA LORENI MOREIRA','MUNICIPAL','RURAL',1,'1900-01-01 00:00:00','2199-12-31 23:59:59'),(318,43030335,'EMEF NOSSA SENHORA APARECIDA','MUNICIPAL','RURAL',1,'1900-01-01 00:00:00','2199-12-31 23:59:59'),(319,43030980,'EEEF CAICARA','ESTADUAL','URBANA',1,'1900-01-01 00:00:00','2199-12-31 23:59:59'),(320,43035680,'EEEB NEUSA MARI PACHECO- CIEP','ESTADUAL','URBANA',1,'1900-01-01 00:00:00','2199-12-31 23:59:59'),(321,43037682,'COLEGIO LA SALLE','PRIVADA','URBANA',1,'1900-01-01 00:00:00','2199-12-31 23:59:59'),(322,43037690,'COLEGIO MARIA AUXILIADORA','PRIVADA','URBANA',1,'1900-01-01 00:00:00','2199-12-31 23:59:59'),(323,43038450,'COL ESTADUAL MARECHAL RONDON','ESTADUAL','URBANA',1,'1900-01-01 00:00:00','2199-12-31 23:59:59'),(324,43039251,'EEEM CONEGO JOAO BATISTA SORG','ESTADUAL','URBANA',1,'1900-01-01 00:00:00','2199-12-31 23:59:59'),(325,43039278,'COLEGIO NOTRE DAME APARECIDA','PRIVADA','URBANA',1,'1900-01-01 00:00:00','2199-12-31 23:59:59'),(326,43039367,'EMEF BENTO GONCALVES','MUNICIPAL','RURAL',1,'1900-01-01 00:00:00','2199-12-31 23:59:59'),(327,43041973,'EMEF CATULO DA PAIXAO CEARENSE','MUNICIPAL','URBANA',1,'1900-01-01 00:00:00','2199-12-31 23:59:59'),(328,43043186,'ESC EST ENS MED EVARISTO DE ANTONI','ESTADUAL','URBANA',1,'1900-01-01 00:00:00','2199-12-31 23:59:59'),(329,43043674,'COLEGIO LA SALLE - CARMO','PRIVADA','URBANA',1,'1900-01-01 00:00:00','2199-12-31 23:59:59'),(330,43044719,'EEEM MEM DE SA','ESTADUAL','URBANA',1,'1900-01-01 00:00:00','2199-12-31 23:59:59'),(331,43044867,'ESC MUN ENS FUN PE AFONSO RODRIGUES','MUNICIPAL','RURAL',1,'1900-01-01 00:00:00','2199-12-31 23:59:59'),(332,43046584,'EMEF ESPIRITO SANTO','MUNICIPAL','RURAL',1,'1900-01-01 00:00:00','2199-12-31 23:59:59'),(333,43049389,'CE BENTO GONCALVES DA SILVA','ESTADUAL','URBANA',1,'1900-01-01 00:00:00','2199-12-31 23:59:59'),(334,43053980,'ESC MUN ENS FUN PADRE ANTONIO VIEIRA','MUNICIPAL','URBANA',1,'1900-01-01 00:00:00','2199-12-31 23:59:59'),(335,43055273,'ESC EST ENS FUND 19 DE JULHO','ESTADUAL','URBANA',1,'1900-01-01 00:00:00','2199-12-31 23:59:59'),(336,43056180,'COLEGIO MARISTA MEDIANEIRA','PRIVADA','URBANA',1,'1900-01-01 00:00:00','2199-12-31 23:59:59'),(337,43057160,'ESC EST ED BAS DR SIDNEY GUERRA','ESTADUAL','URBANA',1,'1900-01-01 00:00:00','2199-12-31 23:59:59'),(338,43057527,'ESC MUN ENS FUN PADRE LIBORIO POERSCH','MUNICIPAL','URBANA',1,'1900-01-01 00:00:00','2199-12-31 23:59:59'),(339,43059678,'INST EST EDUC DR RUY PIEGAS SILVEIRA','ESTADUAL','URBANA',1,'1900-01-01 00:00:00','2199-12-31 23:59:59'),(340,43060030,'EEEM PRINCESA ISABEL','ESTADUAL','URBANA',1,'1900-01-01 00:00:00','2199-12-31 23:59:59'),(341,43060277,'CMEB OSWALDO ARANHA','MUNICIPAL','URBANA',1,'1900-01-01 00:00:00','2199-12-31 23:59:59'),(342,43060323,'CMEB ERICO VERISSIMO','MUNICIPAL','URBANA',1,'1900-01-01 00:00:00','2199-12-31 23:59:59'),(343,43060358,'CMEB VILA OLIMPICA','MUNICIPAL','URBANA',1,'1900-01-01 00:00:00','2199-12-31 23:59:59'),(344,43060366,'CMEB SANTO INACIO','MUNICIPAL','URBANA',1,'1900-01-01 00:00:00','2199-12-31 23:59:59'),(345,43061621,'EMEF JOSE CHESINI','MUNICIPAL','RURAL',1,'1900-01-01 00:00:00','2199-12-31 23:59:59'),(346,43066313,'ESC EST ENS FUN RIO GRANDE DO SUL','ESTADUAL','RURAL',1,'1900-01-01 00:00:00','2199-12-31 23:59:59'),(347,43068677,'COLEGIO CENECISTA NOSSA SENHORA DOS ANJOS','PRIVADA','URBANA',1,'1900-01-01 00:00:00','2199-12-31 23:59:59'),(348,43070213,'EEEM NESTOR DE MOURA JARDIM','ESTADUAL','URBANA',1,'1900-01-01 00:00:00','2199-12-31 23:59:59'),(349,43070256,'COL ESTADUAL AUGUSTO MEYER','ESTADUAL','URBANA',1,'1900-01-01 00:00:00','2199-12-31 23:59:59'),(350,43070329,'EMEF ANITA GARIBALDI','MUNICIPAL','URBANA',1,'1900-01-01 00:00:00','2199-12-31 23:59:59'),(351,43070400,'ESC EST ENS MED DR RUY COELHO GONCALVES','ESTADUAL','URBANA',1,'1900-01-01 00:00:00','2199-12-31 23:59:59'),(352,43071910,'EEEB ALBINO FANTIN','ESTADUAL','URBANA',1,'1900-01-01 00:00:00','2199-12-31 23:59:59'),(353,43075045,'EEEF SAO PIO X','ESTADUAL','RURAL',1,'1900-01-01 00:00:00','2199-12-31 23:59:59'),(354,43075053,'EEEF ALICE COUTO','ESTADUAL','URBANA',1,'1900-01-01 00:00:00','2199-12-31 23:59:59'),(355,43075185,'INST MUN DE ENS ASSIS BRASIL','MUNICIPAL','URBANA',1,'1900-01-01 00:00:00','2199-12-31 23:59:59'),(356,43075193,'EEEF PEDRO MACIEL','ESTADUAL','RURAL',1,'1900-01-01 00:00:00','2199-12-31 23:59:59'),(357,43075223,'E M E T I EUGENIO ERNESTO STORCH','MUNICIPAL','URBANA',1,'1900-01-01 00:00:00','2199-12-31 23:59:59'),(358,43075320,'ESCOLA MUNICIPAL FUNDAMENTAL JOAO GOULART','MUNICIPAL','URBANA',1,'1900-01-01 00:00:00','2199-12-31 23:59:59'),(359,43075606,'EMEF ESTADO DE SANTA CATARINA','MUNICIPAL','URBANA',1,'1900-01-01 00:00:00','2199-12-31 23:59:59'),(360,43078443,'ESC MUN ENS FUN ENGENHEIRO ILDO MENEGHETTI','MUNICIPAL','URBANA',1,'1900-01-01 00:00:00','2199-12-31 23:59:59'),(361,43093086,'EEEM ANTONIO A BORGES DE MEDEIROS','ESTADUAL','URBANA',1,'1900-01-01 00:00:00','2199-12-31 23:59:59'),(362,43093094,'COL ESTADUAL VILA BECKER','ESTADUAL','URBANA',1,'1900-01-01 00:00:00','2199-12-31 23:59:59'),(363,43093124,'COLEGIO SANTA CATARINA','PRIVADA','URBANA',1,'1900-01-01 00:00:00','2199-12-31 23:59:59'),(364,43094074,'EEEM ILDEFONSO SIMOES LOPES','ESTADUAL','URBANA',1,'1900-01-01 00:00:00','2199-12-31 23:59:59'),(365,43096816,'EEEF ADOLFO KEPLER','ESTADUAL','URBANA',1,'1900-01-01 00:00:00','2199-12-31 23:59:59'),(366,43096824,'EEEM JOSE DE ANCHIETA','ESTADUAL','URBANA',1,'1900-01-01 00:00:00','2199-12-31 23:59:59'),(367,43097073,'ESC MUN ENS FUN PANTANO GRANDE','MUNICIPAL','URBANA',1,'1900-01-01 00:00:00','2199-12-31 23:59:59'),(368,43097723,'EEEF NILO CARLITO KOETZ','ESTADUAL','URBANA',1,'1900-01-01 00:00:00','2199-12-31 23:59:59'),(369,43098304,'EEEF ANNA WILLIG','ESTADUAL','URBANA',1,'1900-01-01 00:00:00','2199-12-31 23:59:59'),(370,43098533,'EMEF SENADOR PASQUALINI','MUNICIPAL','URBANA',1,'1900-01-01 00:00:00','2199-12-31 23:59:59'),(371,43098576,'EEF NOTRE DAME MENINO JESUS','PRIVADA','URBANA',1,'1900-01-01 00:00:00','2199-12-31 23:59:59'),(372,43099289,'ESC MUN ENS FUND PROFESSORA GONCALINA PINTO VILANOVA','MUNICIPAL','URBANA',1,'1900-01-01 00:00:00','2199-12-31 23:59:59'),(373,43101267,'IFSUL - CAMPUS PELOTAS','FEDERAL','URBANA',1,'1900-01-01 00:00:00','2199-12-31 23:59:59'),(374,43104584,'EEIEM KAINGANG CACIQUE SY GRE','ESTADUAL','RURAL',1,'1900-01-01 00:00:00','2199-12-31 23:59:59'),(375,43105033,'COLEGIO LA SALLE DORES','PRIVADA','URBANA',1,'1900-01-01 00:00:00','2199-12-31 23:59:59'),(376,43105084,'COL LA SALLE SANTO ANTONIO','PRIVADA','URBANA',1,'1900-01-01 00:00:00','2199-12-31 23:59:59'),(377,43105181,'COL EST PROTASIO ALVES','ESTADUAL','URBANA',1,'1900-01-01 00:00:00','2199-12-31 23:59:59'),(378,43105335,'ESC ENS MEDIO MARIA IMACULADA','PRIVADA','URBANA',1,'1900-01-01 00:00:00','2199-12-31 23:59:59'),(379,43106854,'EEEF PROFª AURORA PEIXOTO DE AZEVEDO','ESTADUAL','URBANA',1,'1900-01-01 00:00:00','2199-12-31 23:59:59'),(380,43107095,'EEEF PROFESSOR CARLOS RODRIGUES DA SILVA','ESTADUAL','URBANA',1,'1900-01-01 00:00:00','2199-12-31 23:59:59'),(381,43107141,'EEEF PROFESSORES LANGENDONCK','ESTADUAL','URBANA',1,'1900-01-01 00:00:00','2199-12-31 23:59:59'),(382,43107257,'EEEF TENENTE CORONEL TRAVASSOS ALVES','ESTADUAL','URBANA',1,'1900-01-01 00:00:00','2199-12-31 23:59:59'),(383,43108059,'EEEM SANTOS DUMONT','ESTADUAL','URBANA',1,'1900-01-01 00:00:00','2199-12-31 23:59:59'),(384,43108717,'COL EST CONEGO PAULO DE NADAL','ESTADUAL','URBANA',1,'1900-01-01 00:00:00','2199-12-31 23:59:59'),(385,43109780,'EEEM REPUBLICA ARGENTINA','ESTADUAL','URBANA',1,'1900-01-01 00:00:00','2199-12-31 23:59:59'),(386,43112900,'ESC MUN ENS FUN ASSIS BRASIL','MUNICIPAL','URBANA',1,'1900-01-01 00:00:00','2199-12-31 23:59:59'),(387,43113915,'ESC MUN ENS FUN PORTO SEGURO','MUNICIPAL','URBANA',1,'1900-01-01 00:00:00','2199-12-31 23:59:59'),(388,43119832,'EEEF PADRE LOURENCO BOSSE','ESTADUAL','URBANA',1,'1900-01-01 00:00:00','2199-12-31 23:59:59'),(389,43120822,'EMEF NOSSA SENHORA DE FATIMA','MUNICIPAL','RURAL',1,'1900-01-01 00:00:00','2199-12-31 23:59:59'),(390,43121390,'ESC EST ENS FUND AFONSO MARTIN ROHLFES','ESTADUAL','RURAL',1,'1900-01-01 00:00:00','2199-12-31 23:59:59'),(391,43121896,'COLEGIO FRANCISCANO SANT ANNA','PRIVADA','URBANA',1,'1900-01-01 00:00:00','2199-12-31 23:59:59'),(392,43123368,'EEEF MARECHAL RONDON','ESTADUAL','URBANA',1,'1900-01-01 00:00:00','2199-12-31 23:59:59'),(393,43123481,'EMEF PADRE NOBREGA','MUNICIPAL','URBANA',1,'1900-01-01 00:00:00','2199-12-31 23:59:59'),(394,43128505,'ESC MUN ENS FUN CEL EURICO DE MORAIS','MUNICIPAL','URBANA',1,'1900-01-01 00:00:00','2199-12-31 23:59:59'),(395,43130917,'ESC MUN ENS FUND MADRE TERESA','MUNICIPAL','URBANA',1,'1900-01-01 00:00:00','2199-12-31 23:59:59'),(396,43132588,'EEEM MILITINA PEREIRA ALVAREZ','ESTADUAL','RURAL',1,'1900-01-01 00:00:00','2199-12-31 23:59:59'),(397,43137318,'ESC EST ENS FUND CASTRO ALVES','ESTADUAL','URBANA',1,'1900-01-01 00:00:00','2199-12-31 23:59:59'),(398,43138535,'ESC MUN ENS FUN MONTEIRO LOBATO','MUNICIPAL','URBANA',1,'1900-01-01 00:00:00','2199-12-31 23:59:59'),(399,43140157,'ESC MUN ENS FUN FRANCISCO FROMMING','MUNICIPAL','RURAL',1,'1900-01-01 00:00:00','2199-12-31 23:59:59'),(400,43141773,'ESC MUN ENS FUND FRANCISCO DONCATTO','MUNICIPAL','URBANA',1,'1900-01-01 00:00:00','2199-12-31 23:59:59'),(401,43141919,'ESC MUN ENS FUN RUY HENRIQUE NICOLETTI','MUNICIPAL','URBANA',1,'1900-01-01 00:00:00','2199-12-31 23:59:59'),(402,43142788,'ESC MUN DE ENS FUND PE CRISTOVAO DE MENDONCA','MUNICIPAL','URBANA',1,'1900-01-01 00:00:00','2199-12-31 23:59:59'),(403,43144853,'EMEF CLEMENCIANO BARNASQUE','MUNICIPAL','URBANA',1,'1900-01-01 00:00:00','2199-12-31 23:59:59'),(404,43145736,'CENTRO SINODAL DE ENSINO MEDIO DE SAPIRANGA','PRIVADA','URBANA',1,'1900-01-01 00:00:00','2199-12-31 23:59:59'),(405,43146244,'EMEB ALBERTO SANTOS DUMONT','MUNICIPAL','URBANA',1,'1900-01-01 00:00:00','2199-12-31 23:59:59'),(406,43146376,'COL ESTADUAL GUIANUBA','ESTADUAL','URBANA',1,'1900-01-01 00:00:00','2199-12-31 23:59:59'),(407,43146457,'EMEB JOAO DE BARRO','MUNICIPAL','URBANA',1,'1900-01-01 00:00:00','2199-12-31 23:59:59'),(408,43147089,'ESC MUN ENS FUN SANTOS ANJOS','MUNICIPAL','URBANA',1,'1900-01-01 00:00:00','2199-12-31 23:59:59'),(409,43150748,'INST ESTADUAL SAO JOSE','ESTADUAL','URBANA',1,'1900-01-01 00:00:00','2199-12-31 23:59:59'),(410,43152325,'ETE MONTEIRO LOBATO','ESTADUAL','URBANA',1,'1900-01-01 00:00:00','2199-12-31 23:59:59'),(411,43154166,'EMEF GENERAL AMERICO DE MOURA','MUNICIPAL','RURAL',1,'1900-01-01 00:00:00','2199-12-31 23:59:59'),(412,43154174,'EEIEF BENTO PI GOG','ESTADUAL','RURAL',1,'1900-01-01 00:00:00','2199-12-31 23:59:59'),(413,43156541,'EEEF PROFESSORA SUELY VACARI OSORIO','ESTADUAL','URBANA',1,'1900-01-01 00:00:00','2199-12-31 23:59:59'),(414,43157998,'COLEGIO IPIRANGA','PRIVADA','URBANA',1,'1900-01-01 00:00:00','2199-12-31 23:59:59'),(415,43158099,'EMEF BARAO DE SAO JACO','MUNICIPAL','RURAL',1,'1900-01-01 00:00:00','2199-12-31 23:59:59'),(416,43158161,'EMEF DOM JOAO BECKER','MUNICIPAL','RURAL',1,'1900-01-01 00:00:00','2199-12-31 23:59:59'),(417,43159222,'ESC MUN ENS FUN DOM JOAO BECKER','MUNICIPAL','RURAL',1,'1900-01-01 00:00:00','2199-12-31 23:59:59'),(418,43159303,'ESC MUN ENS FUN SAO JERONIMO','MUNICIPAL','RURAL',1,'1900-01-01 00:00:00','2199-12-31 23:59:59'),(419,43159460,'ESC MUN ENS FUN SAO JOAO','MUNICIPAL','RURAL',1,'1900-01-01 00:00:00','2199-12-31 23:59:59'),(420,43162290,'COLEGIO MARISTA SANT ANA','PRIVADA','URBANA',1,'1900-01-01 00:00:00','2199-12-31 23:59:59'),(421,43162657,'EEEF FUND URUGUAIANA','ESTADUAL','RURAL',1,'1900-01-01 00:00:00','2199-12-31 23:59:59'),(422,43165206,'COLEGIO GASPAR SILVEIRA MARTINS','PRIVADA','URBANA',1,'1900-01-01 00:00:00','2199-12-31 23:59:59'),(423,43166024,'EMEF JOAO CARLOS RECH','MUNICIPAL','URBANA',1,'1900-01-01 00:00:00','2199-12-31 23:59:59'),(424,43166253,'EEEF DON MATHEUS PASQUALI','ESTADUAL','RURAL',1,'1900-01-01 00:00:00','2199-12-31 23:59:59'),(425,43166440,'CE SAO LUIZ GONZAGA','ESTADUAL','URBANA',1,'1900-01-01 00:00:00','2199-12-31 23:59:59'),(426,43166962,'EMEF HUMBERTO DE CAMPOS','MUNICIPAL','URBANA',1,'1900-01-01 00:00:00','2199-12-31 23:59:59'),(427,43167047,'ESC MUN ENS FUN LUCIANA DE ABREU','MUNICIPAL','URBANA',1,'1900-01-01 00:00:00','2199-12-31 23:59:59'),(428,43167080,'EMEF NOSSA SRA DA CONCEICAO','MUNICIPAL','URBANA',1,'1900-01-01 00:00:00','2199-12-31 23:59:59'),(429,43167152,'EMEF RICARDO FAICKER NUNES','MUNICIPAL','URBANA',1,'1900-01-01 00:00:00','2199-12-31 23:59:59'),(430,43167470,'EMEF SANTA CECILIA','MUNICIPAL','URBANA',1,'1900-01-01 00:00:00','2199-12-31 23:59:59'),(431,43167497,'EMEF ALBERTO PASQUALINI','MUNICIPAL','URBANA',1,'1900-01-01 00:00:00','2199-12-31 23:59:59'),(432,43167500,'ESC MUN ENS FUN MAL HUMBERTO DE A CASTELO BRANCO','MUNICIPAL','URBANA',1,'1900-01-01 00:00:00','2199-12-31 23:59:59'),(433,43167705,'EMEF SANTA MARIA','MUNICIPAL','URBANA',1,'1900-01-01 00:00:00','2199-12-31 23:59:59'),(434,43167870,'EMEF DR GLENIO PERES','MUNICIPAL','URBANA',1,'1900-01-01 00:00:00','2199-12-31 23:59:59'),(435,43169279,'NEEJA DESEMBARGADOR ALAOR ANTONIO TERRA','ESTADUAL','URBANA',1,'1900-01-01 00:00:00','2199-12-31 23:59:59'),(436,43169325,'NEEJA ERICO VERISSIMO','ESTADUAL','URBANA',1,'1900-01-01 00:00:00','2199-12-31 23:59:59'),(437,43170110,'CMEB EVA KARNAL JOHANN','MUNICIPAL','URBANA',1,'1900-01-01 00:00:00','2199-12-31 23:59:59'),(438,43171095,'ESC EST ENS MEDIO SAO FRANCISCO DE ASSIS','ESTADUAL','URBANA',1,'1900-01-01 00:00:00','2199-12-31 23:59:59'),(439,43171222,'EE ESP DEP CARLOS SANTOS-CIEP','ESTADUAL','URBANA',1,'1900-01-01 00:00:00','2199-12-31 23:59:59'),(440,43171494,'IE SENO FREDERICO LUDWIG','ESTADUAL','URBANA',1,'1900-01-01 00:00:00','2199-12-31 23:59:59'),(441,43174795,'ESC EST ENS MED CARMEN ALICE LAVIAGUERRE','ESTADUAL','URBANA',1,'1900-01-01 00:00:00','2199-12-31 23:59:59'),(442,43174906,'EMEF GIRASSOL','MUNICIPAL','URBANA',1,'1900-01-01 00:00:00','2199-12-31 23:59:59'),(443,43174957,'EMEF JOAO BELCHIOR MARQUES GOULART','MUNICIPAL','URBANA',1,'1900-01-01 00:00:00','2199-12-31 23:59:59'),(444,43175341,'EMEF RECANTO DA LAGOA','MUNICIPAL','URBANA',1,'1900-01-01 00:00:00','2199-12-31 23:59:59'),(445,43175805,'EEP NOSSA SENHORA DE FATIMA','PRIVADA','URBANA',1,'1900-01-01 00:00:00','2199-12-31 23:59:59'),(446,43177867,'EMEF MONTE ALEGRE JUNTO AO CAIC','MUNICIPAL','URBANA',1,'1900-01-01 00:00:00','2199-12-31 23:59:59'),(447,43177956,'EMEF 25 DE JULHO','MUNICIPAL','URBANA',1,'1900-01-01 00:00:00','2199-12-31 23:59:59'),(448,43180345,'ESCOLA ESPECIAL RECANTO DA ESPERANCA','PRIVADA','URBANA',1,'1900-01-01 00:00:00','2199-12-31 23:59:59'),(449,43180760,'ESC MARISTA EF SANTA MARTA','PRIVADA','URBANA',1,'1900-01-01 00:00:00','2199-12-31 23:59:59'),(450,43180833,'ESC MUN ENS FUN CARLOS GOMES','MUNICIPAL','URBANA',1,'1900-01-01 00:00:00','2199-12-31 23:59:59'),(451,43182518,'EMEI CRIANCA FELIZ','MUNICIPAL','URBANA',1,'1900-01-01 00:00:00','2199-12-31 23:59:59'),(452,43182542,'EMEI FADA MADRINHA','MUNICIPAL','URBANA',1,'1900-01-01 00:00:00','2199-12-31 23:59:59'),(453,43182968,'ESC MUN ENS FUN NOSSA SENHORA APARECIDA','MUNICIPAL','URBANA',1,'1900-01-01 00:00:00','2199-12-31 23:59:59'),(454,43182984,'ESCOLA MUNICIPAL DE EDUCACAO INFANTIL PARAISO DA CRIANCA','MUNICIPAL','URBANA',1,'1900-01-01 00:00:00','2199-12-31 23:59:59'),(455,43186084,'EMEI AMOR PERFEITO','MUNICIPAL','URBANA',1,'1900-01-01 00:00:00','2199-12-31 23:59:59'),(456,43186122,'EMEI BEM-ME-QUER','MUNICIPAL','URBANA',1,'1900-01-01 00:00:00','2199-12-31 23:59:59'),(457,43186149,'EMEI RAIO DE SOL','MUNICIPAL','URBANA',1,'1900-01-01 00:00:00','2199-12-31 23:59:59'),(458,43187200,'EMEI TANISA FRANCA BUDO','MUNICIPAL','URBANA',1,'1900-01-01 00:00:00','2199-12-31 23:59:59'),(459,43187269,'EMEI BRANCA DE NEVE','MUNICIPAL','URBANA',1,'1900-01-01 00:00:00','2199-12-31 23:59:59'),(460,43190952,'EMF MARCELO GAMA','MUNICIPAL','URBANA',1,'1900-01-01 00:00:00','2199-12-31 23:59:59'),(461,43193030,'ESC MUNICIPAL DE EDUC INF CANTINHO MAGICO','MUNICIPAL','URBANA',1,'1900-01-01 00:00:00','2199-12-31 23:59:59'),(462,43200265,'CENTRO MUN EDUC AYRTON SENNA - UNID ENS FUN','MUNICIPAL','URBANA',1,'1900-01-01 00:00:00','2199-12-31 23:59:59'),(463,43205852,'EEEM XANGRI-LA','ESTADUAL','URBANA',1,'1900-01-01 00:00:00','2199-12-31 23:59:59'),(464,43207359,'EMEF FRANCISCO XAVIER KUNST','MUNICIPAL','URBANA',1,'1900-01-01 00:00:00','2199-12-31 23:59:59'),(465,43208606,'EMEI COLORINDO O APRENDER','MUNICIPAL','URBANA',1,'1900-01-01 00:00:00','2199-12-31 23:59:59'),(466,43209157,'EMEI GENTE MIUDA','MUNICIPAL','URBANA',1,'1900-01-01 00:00:00','2199-12-31 23:59:59'),(467,43209556,'ESC MUN ENS FUND LEONEL DE MOURA BRIZOLA','MUNICIPAL','URBANA',1,'1900-01-01 00:00:00','2199-12-31 23:59:59'),(468,43211402,'COLEGIO ROMANO SENHOR BOM JESUS','PRIVADA','URBANA',1,'1900-01-01 00:00:00','2199-12-31 23:59:59');
/*!40000 ALTER TABLE `dim_escola` ENABLE KEYS */;
UNLOCK TABLES;

--
-- Table structure for table `dim_esgoto`
--

DROP TABLE IF EXISTS `dim_esgoto`;
/*!40101 SET @saved_cs_client     = @@character_set_client */;
/*!40101 SET character_set_client = utf8 */;
CREATE TABLE `dim_esgoto` (
  `ID` int(11) NOT NULL AUTO_INCREMENT,
  `TP_ESGOTO` varchar(45) NOT NULL,
  `VERSION` int(11) DEFAULT NULL,
  `DATE_FROM` datetime DEFAULT NULL,
  `DATE_TO` datetime DEFAULT NULL,
  PRIMARY KEY (`ID`)
) ENGINE=InnoDB AUTO_INCREMENT=4 DEFAULT CHARSET=utf8;
/*!40101 SET character_set_client = @saved_cs_client */;

--
-- Dumping data for table `dim_esgoto`
--

LOCK TABLES `dim_esgoto` WRITE;
/*!40000 ALTER TABLE `dim_esgoto` DISABLE KEYS */;
INSERT INTO `dim_esgoto` VALUES (0,'Não Informado',1,'1900-01-01 00:00:01','2200-01-01 00:00:00'),(1,'ESGOTO_REDE_PUBLICA',1,'1900-01-01 00:00:00','2199-12-31 23:59:59'),(2,'ESGOTO_FOSSA',1,'1900-01-01 00:00:00','2199-12-31 23:59:59'),(3,'ESGOTO_INEXISTENTE',1,'1900-01-01 00:00:00','2199-12-31 23:59:59');
/*!40000 ALTER TABLE `dim_esgoto` ENABLE KEYS */;
UNLOCK TABLES;

--
-- Table structure for table `dim_internet`
--

DROP TABLE IF EXISTS `dim_internet`;
/*!40101 SET @saved_cs_client     = @@character_set_client */;
/*!40101 SET character_set_client = utf8 */;
CREATE TABLE `dim_internet` (
  `ID` int(11) NOT NULL AUTO_INCREMENT,
  `ACESSO` varchar(45) NOT NULL,
  `VERSION` int(11) DEFAULT NULL,
  `DATE_FROM` datetime DEFAULT NULL,
  `DATE_TO` datetime DEFAULT NULL,
  PRIMARY KEY (`ID`)
) ENGINE=InnoDB AUTO_INCREMENT=3 DEFAULT CHARSET=utf8;
/*!40101 SET character_set_client = @saved_cs_client */;

--
-- Dumping data for table `dim_internet`
--

LOCK TABLES `dim_internet` WRITE;
/*!40000 ALTER TABLE `dim_internet` DISABLE KEYS */;
INSERT INTO `dim_internet` VALUES (0,'Não Existente',1,'1900-01-01 00:00:00','2199-01-01 00:00:00'),(1,'SIM',1,'1900-01-01 00:00:00','2199-12-31 23:59:59'),(2,'NÃO',1,'1900-01-01 00:00:00','2199-12-31 23:59:59');
/*!40000 ALTER TABLE `dim_internet` ENABLE KEYS */;
UNLOCK TABLES;

--
-- Table structure for table `dim_localizacao`
--

DROP TABLE IF EXISTS `dim_localizacao`;
/*!40101 SET @saved_cs_client     = @@character_set_client */;
/*!40101 SET character_set_client = utf8 */;
CREATE TABLE `dim_localizacao` (
  `ID` int(11) NOT NULL AUTO_INCREMENT,
  `REGIAO` varchar(45) NOT NULL,
  `ESTADO` varchar(45) NOT NULL,
  `VERSION` int(11) DEFAULT NULL,
  `DATE_FROM` datetime DEFAULT NULL,
  `DATE_TO` datetime DEFAULT NULL,
  PRIMARY KEY (`ID`)
) ENGINE=InnoDB AUTO_INCREMENT=11 DEFAULT CHARSET=utf8;
/*!40101 SET character_set_client = @saved_cs_client */;

--
-- Dumping data for table `dim_localizacao`
--

LOCK TABLES `dim_localizacao` WRITE;
/*!40000 ALTER TABLE `dim_localizacao` DISABLE KEYS */;
INSERT INTO `dim_localizacao` VALUES (0,'Não Declarada','Não Declarado',1,'1900-01-01 00:00:00','2199-01-01 00:00:00'),(1,'NORTE','ACRE',1,'1900-01-01 00:00:00','2199-12-31 23:59:59'),(2,'NORTE','AMAZONAS',1,'1900-01-01 00:00:00','2199-12-31 23:59:59'),(3,'NORTE','AMAPA',1,'1900-01-01 00:00:00','2199-12-31 23:59:59'),(4,'NORTE','PARA',1,'1900-01-01 00:00:00','2199-12-31 23:59:59'),(5,'NORTE','RORAIMA',1,'1900-01-01 00:00:00','2199-12-31 23:59:59'),(6,'NORTE','RONDONIA',1,'1900-01-01 00:00:00','2199-12-31 23:59:59'),(7,'NORTE','TOCANTINS',1,'1900-01-01 00:00:00','2199-12-31 23:59:59'),(8,'SUL','SANTA CATARINA',1,'1900-01-01 00:00:00','2199-12-31 23:59:59'),(9,'SUL','PARANA',1,'1900-01-01 00:00:00','2199-12-31 23:59:59'),(10,'SUL','RIO GRANDE DO SUL',1,'1900-01-01 00:00:00','2199-12-31 23:59:59');
/*!40000 ALTER TABLE `dim_localizacao` ENABLE KEYS */;
UNLOCK TABLES;

--
-- Table structure for table `dim_necessidade_especial`
--

DROP TABLE IF EXISTS `dim_necessidade_especial`;
/*!40101 SET @saved_cs_client     = @@character_set_client */;
/*!40101 SET character_set_client = utf8 */;
CREATE TABLE `dim_necessidade_especial` (
  `ID` int(11) NOT NULL AUTO_INCREMENT,
  `ID_ORIGEM` int(11) NOT NULL,
  `TP_NECESSIDADE` varchar(100) NOT NULL,
  `VERSION` int(11) DEFAULT NULL,
  `DATE_FROM` datetime DEFAULT NULL,
  `DATE_TO` datetime DEFAULT NULL,
  PRIMARY KEY (`ID`)
) ENGINE=InnoDB AUTO_INCREMENT=14 DEFAULT CHARSET=utf8;
/*!40101 SET character_set_client = @saved_cs_client */;

--
-- Dumping data for table `dim_necessidade_especial`
--

LOCK TABLES `dim_necessidade_especial` WRITE;
/*!40000 ALTER TABLE `dim_necessidade_especial` DISABLE KEYS */;
INSERT INTO `dim_necessidade_especial` VALUES (0,0,'nao declarada/sem necessidade especial',1,'1900-01-01 00:00:01','2200-01-01 00:00:00'),(1,1,'CEGUEIRA',1,'1900-01-01 00:00:00','2199-12-31 23:59:59'),(2,2,'BAIXA_VISAO',1,'1900-01-01 00:00:00','2199-12-31 23:59:59'),(3,3,'SURDEZ',1,'1900-01-01 00:00:00','2199-12-31 23:59:59'),(4,4,'DEF_AUDITIVA',1,'1900-01-01 00:00:00','2199-12-31 23:59:59'),(5,5,'SURDO_CEGUEIRA',1,'1900-01-01 00:00:00','2199-12-31 23:59:59'),(6,6,'DEF_FISICA',1,'1900-01-01 00:00:00','2199-12-31 23:59:59'),(7,7,'DEF_INTELECTUAL',1,'1900-01-01 00:00:00','2199-12-31 23:59:59'),(8,8,'DEF_MULTIPLA',1,'1900-01-01 00:00:00','2199-12-31 23:59:59'),(9,9,'AUTISMO',1,'1900-01-01 00:00:00','2199-12-31 23:59:59'),(10,10,'SINDROME_ASPERGER',1,'1900-01-01 00:00:00','2199-12-31 23:59:59'),(11,11,'SINDROME_RETT',1,'1900-01-01 00:00:00','2199-12-31 23:59:59'),(12,12,'TRANSTORNO_DESINTEGRATIVO_INFANTIL',1,'1900-01-01 00:00:00','2199-12-31 23:59:59'),(13,13,'SUPERDOTACAO',1,'1900-01-01 00:00:00','2199-12-31 23:59:59');
/*!40000 ALTER TABLE `dim_necessidade_especial` ENABLE KEYS */;
UNLOCK TABLES;

--
-- Table structure for table `dim_raca`
--

DROP TABLE IF EXISTS `dim_raca`;
/*!40101 SET @saved_cs_client     = @@character_set_client */;
/*!40101 SET character_set_client = utf8 */;
CREATE TABLE `dim_raca` (
  `ID` int(11) NOT NULL AUTO_INCREMENT,
  `ID_ORIGEM` int(11) NOT NULL,
  `TP_RACA` varchar(45) NOT NULL,
  `VERSION` int(11) DEFAULT NULL,
  `DATE_FROM` datetime DEFAULT NULL,
  `DATE_TO` datetime DEFAULT NULL,
  PRIMARY KEY (`ID`)
) ENGINE=InnoDB AUTO_INCREMENT=6 DEFAULT CHARSET=utf8;
/*!40101 SET character_set_client = @saved_cs_client */;

--
-- Dumping data for table `dim_raca`
--

LOCK TABLES `dim_raca` WRITE;
/*!40000 ALTER TABLE `dim_raca` DISABLE KEYS */;
INSERT INTO `dim_raca` VALUES (0,0,'Inexistente',1,'1900-01-01 00:00:01','2200-01-01 00:00:00'),(1,1,'BRANCA',1,'1900-01-01 00:00:00','2199-12-31 23:59:59'),(2,2,'PRETA',1,'1900-01-01 00:00:00','2199-12-31 23:59:59'),(3,3,'PARDA',1,'1900-01-01 00:00:00','2199-12-31 23:59:59'),(4,4,'AMARELA',1,'1900-01-01 00:00:00','2199-12-31 23:59:59'),(5,5,'INDIGENA',1,'1900-01-01 00:00:00','2199-12-31 23:59:59');
/*!40000 ALTER TABLE `dim_raca` ENABLE KEYS */;
UNLOCK TABLES;

--
-- Table structure for table `dim_sexo`
--

DROP TABLE IF EXISTS `dim_sexo`;
/*!40101 SET @saved_cs_client     = @@character_set_client */;
/*!40101 SET character_set_client = utf8 */;
CREATE TABLE `dim_sexo` (
  `ID` int(11) NOT NULL AUTO_INCREMENT,
  `ID_ORIGEM` int(11) NOT NULL,
  `TP_SEXO` varchar(45) NOT NULL,
  `VERSION` int(11) DEFAULT NULL,
  `DATE_FROM` datetime DEFAULT NULL,
  `DATE_TO` datetime DEFAULT NULL,
  PRIMARY KEY (`ID`)
) ENGINE=InnoDB AUTO_INCREMENT=3 DEFAULT CHARSET=utf8;
/*!40101 SET character_set_client = @saved_cs_client */;

--
-- Dumping data for table `dim_sexo`
--

LOCK TABLES `dim_sexo` WRITE;
/*!40000 ALTER TABLE `dim_sexo` DISABLE KEYS */;
INSERT INTO `dim_sexo` VALUES (0,0,'Nao declarado',1,'1900-01-01 00:00:01','2200-01-01 00:00:00'),(1,1,'MASCULINO',1,'1900-01-01 00:00:00','2199-12-31 23:59:59'),(2,2,'FEMININO',1,'1900-01-01 00:00:00','2199-12-31 23:59:59');
/*!40000 ALTER TABLE `dim_sexo` ENABLE KEYS */;
UNLOCK TABLES;

--
-- Table structure for table `fato_aluno_ne`
--

DROP TABLE IF EXISTS `fato_aluno_ne`;
/*!40101 SET @saved_cs_client     = @@character_set_client */;
/*!40101 SET character_set_client = utf8 */;
CREATE TABLE `fato_aluno_ne` (
  `DIM_LOCALIZACAO_ID` int(11) NOT NULL,
  `DIM_RACA_ID` int(11) NOT NULL,
  `DIM_SEXO_ID` int(11) NOT NULL,
  `DIM_NE_ID` int(11) NOT NULL,
  `DIM_ESCOLA_ID` int(11) NOT NULL,
  `QTD_ALUNOS_NE` bigint(20) NOT NULL,
  `PORCENTAGEM_ALUNOS_NE` double NOT NULL,
  PRIMARY KEY (`DIM_LOCALIZACAO_ID`,`DIM_RACA_ID`,`DIM_SEXO_ID`,`DIM_NE_ID`,`DIM_ESCOLA_ID`),
  KEY `fk_FATO_ALUNO_NE_DIM_RACA1_idx` (`DIM_RACA_ID`),
  KEY `fk_FATO_ALUNO_NE_DIM_SEXO1_idx` (`DIM_SEXO_ID`),
  KEY `fk_FATO_ALUNO_NE_DIM_DEFICIENCIA1_idx` (`DIM_NE_ID`),
  KEY `fk_FATO_ALUNO_NE_DIM_LOCALIZACAO2_idx` (`DIM_LOCALIZACAO_ID`),
  KEY `fk_FATO_ALUNO_NE_DIM_ESCOLA1_idx` (`DIM_ESCOLA_ID`),
  CONSTRAINT `fk_FATO_ALUNO_NE_DIM_DEFICIENCIA1` FOREIGN KEY (`DIM_NE_ID`) REFERENCES `dim_necessidade_especial` (`ID`) ON DELETE NO ACTION ON UPDATE NO ACTION,
  CONSTRAINT `fk_FATO_ALUNO_NE_DIM_ESCOLA1` FOREIGN KEY (`DIM_ESCOLA_ID`) REFERENCES `dim_escola` (`ID`) ON DELETE NO ACTION ON UPDATE NO ACTION,
  CONSTRAINT `fk_FATO_ALUNO_NE_DIM_LOCALIZACAO2` FOREIGN KEY (`DIM_LOCALIZACAO_ID`) REFERENCES `dim_localizacao` (`ID`) ON DELETE NO ACTION ON UPDATE NO ACTION,
  CONSTRAINT `fk_FATO_ALUNO_NE_DIM_RACA1` FOREIGN KEY (`DIM_RACA_ID`) REFERENCES `dim_raca` (`ID`) ON DELETE NO ACTION ON UPDATE NO ACTION,
  CONSTRAINT `fk_FATO_ALUNO_NE_DIM_SEXO1` FOREIGN KEY (`DIM_SEXO_ID`) REFERENCES `dim_sexo` (`ID`) ON DELETE NO ACTION ON UPDATE NO ACTION
) ENGINE=InnoDB DEFAULT CHARSET=utf8;
/*!40101 SET character_set_client = @saved_cs_client */;

--
-- Dumping data for table `fato_aluno_ne`
--

LOCK TABLES `fato_aluno_ne` WRITE;
/*!40000 ALTER TABLE `fato_aluno_ne` DISABLE KEYS */;
INSERT INTO `fato_aluno_ne` VALUES (1,0,1,0,40,5,3),(1,0,1,0,41,1,0),(1,0,1,0,43,13,38),(1,0,1,0,44,22,45),(1,0,1,0,45,4,57),(1,0,1,0,46,4,40),(1,0,1,0,47,18,56),(1,0,1,0,48,45,16),(1,0,1,0,50,34,16),(1,0,1,0,51,17,11),(1,0,1,0,52,35,18),(1,0,1,0,53,44,7),(1,0,1,0,55,129,43),(1,0,1,0,56,12,42),(1,0,1,0,57,211,35),(1,0,1,0,58,2,16),(1,0,1,0,59,34,35),(1,0,1,0,60,1,0),(1,0,1,0,61,24,7),(1,0,1,0,62,10,45),(1,0,1,0,63,6,5),(1,0,1,0,64,13,4),(1,0,1,0,66,11,55),(1,0,1,0,68,6,26),(1,0,1,0,69,100,28),(1,0,1,2,50,1,0),(1,0,1,2,69,1,0),(1,0,1,4,52,1,0),(1,0,1,4,69,1,0),(1,0,1,6,48,1,0),(1,0,1,6,59,1,1),(1,0,1,7,52,4,2),(1,0,1,7,53,3,0),(1,0,1,7,54,1,9),(1,0,1,7,57,16,2),(1,0,1,7,61,4,1),(1,0,1,7,69,3,0),(1,0,1,8,52,1,0),(1,0,1,8,69,1,0),(1,0,1,9,53,4,0),(1,0,1,9,55,1,0),(1,0,1,9,57,5,0),(1,0,1,10,53,1,0),(1,0,1,10,69,1,0),(1,0,1,12,54,1,9),(1,0,2,0,40,3,1),(1,0,2,0,41,3,2),(1,0,2,0,43,13,38),(1,0,2,0,44,23,47),(1,0,2,0,45,1,14),(1,0,2,0,46,6,60),(1,0,2,0,47,9,28),(1,0,2,0,48,33,11),(1,0,2,0,50,25,12),(1,0,2,0,51,25,16),(1,0,2,0,52,32,16),(1,0,2,0,53,52,8),(1,0,2,0,55,122,40),(1,0,2,0,56,9,32),(1,0,2,0,57,179,30),(1,0,2,0,58,3,25),(1,0,2,0,59,23,23),(1,0,2,0,60,2,0),(1,0,2,0,61,16,5),(1,0,2,0,62,6,27),(1,0,2,0,63,7,6),(1,0,2,0,64,8,3),(1,0,2,0,66,7,35),(1,0,2,0,68,5,21),(1,0,2,0,69,86,24),(1,0,2,6,40,1,0),(1,0,2,7,40,1,0),(1,0,2,7,47,1,3),(1,0,2,7,50,1,0),(1,0,2,7,52,3,1),(1,0,2,7,54,1,9),(1,0,2,7,57,16,2),(1,0,2,7,69,2,0),(1,0,2,8,40,1,0),(1,0,2,9,53,1,0),(1,0,2,10,57,4,0),(1,0,2,12,61,4,1),(1,0,2,13,53,1,0),(1,1,1,0,40,9,5),(1,1,1,0,41,7,5),(1,1,1,0,42,1,5),(1,1,1,0,43,1,2),(1,1,1,0,48,12,4),(1,1,1,0,50,8,3),(1,1,1,0,51,34,22),(1,1,1,0,52,15,7),(1,1,1,0,53,58,9),(1,1,1,0,55,11,3),(1,1,1,0,57,10,1),(1,1,1,0,60,12,4),(1,1,1,0,61,12,3),(1,1,1,0,64,9,3),(1,1,1,0,68,1,4),(1,1,1,0,69,7,1),(1,1,1,2,61,4,1),(1,1,1,6,53,1,0),(1,1,1,6,57,4,0),(1,1,1,7,40,4,2),(1,1,1,7,53,1,0),(1,1,1,7,54,1,9),(1,1,1,7,64,1,0),(1,1,1,8,53,1,0),(1,1,2,0,40,9,5),(1,1,2,0,41,10,8),(1,1,2,0,42,2,11),(1,1,2,0,48,9,3),(1,1,2,0,49,2,9),(1,1,2,0,50,2,0),(1,1,2,0,51,34,22),(1,1,2,0,52,12,6),(1,1,2,0,53,37,6),(1,1,2,0,55,17,5),(1,1,2,0,57,17,2),(1,1,2,0,59,1,1),(1,1,2,0,60,10,4),(1,1,2,0,61,16,5),(1,1,2,0,64,14,5),(1,1,2,0,68,1,4),(1,1,2,0,69,9,2),(1,1,2,1,60,1,0),(1,1,2,2,49,1,4),(1,1,2,2,61,4,1),(1,1,2,6,60,1,0),(1,1,2,7,41,1,0),(1,1,2,7,64,1,0),(1,1,2,8,60,1,0),(1,1,2,12,54,1,9),(1,2,1,0,40,1,0),(1,2,1,0,41,1,0),(1,2,1,0,44,1,2),(1,2,1,0,48,3,1),(1,2,1,0,49,1,4),(1,2,1,0,50,1,0),(1,2,1,0,51,1,0),(1,2,1,0,52,2,1),(1,2,1,0,53,3,0),(1,2,1,0,57,1,0),(1,2,1,0,60,1,0),(1,2,1,0,64,7,2),(1,2,1,0,69,3,0),(1,2,1,2,50,1,0),(1,2,1,4,50,1,0),(1,2,1,6,50,1,0),(1,2,1,7,50,1,0),(1,2,1,7,52,1,0),(1,2,1,7,64,1,0),(1,2,1,8,50,1,0),(1,2,2,0,41,2,1),(1,2,2,0,48,2,0),(1,2,2,0,50,2,0),(1,2,2,0,53,7,1),(1,2,2,0,55,1,0),(1,2,2,0,57,2,0),(1,2,2,0,61,2,0),(1,2,2,0,64,7,2),(1,2,2,0,69,2,0),(1,3,1,0,40,46,30),(1,3,1,0,41,45,37),(1,3,1,0,42,7,41),(1,3,1,0,43,5,14),(1,3,1,0,44,2,4),(1,3,1,0,45,1,14),(1,3,1,0,47,2,6),(1,3,1,0,48,104,37),(1,3,1,0,49,10,45),(1,3,1,0,50,58,28),(1,3,1,0,51,22,14),(1,3,1,0,52,41,21),(1,3,1,0,53,179,29),(1,3,1,0,55,8,2),(1,3,1,0,56,3,10),(1,3,1,0,57,51,8),(1,3,1,0,58,5,41),(1,3,1,0,59,23,23),(1,3,1,0,60,103,42),(1,3,1,0,61,108,35),(1,3,1,0,62,3,13),(1,3,1,0,63,54,52),(1,3,1,0,64,101,38),(1,3,1,0,65,15,60),(1,3,1,0,68,4,17),(1,3,1,0,69,50,14),(1,3,1,2,41,1,0),(1,3,1,2,53,1,0),(1,3,1,2,61,4,1),(1,3,1,4,50,1,0),(1,3,1,6,41,2,1),(1,3,1,6,48,1,0),(1,3,1,6,53,1,0),(1,3,1,6,54,2,18),(1,3,1,6,55,1,0),(1,3,1,6,57,4,0),(1,3,1,6,60,1,0),(1,3,1,6,64,1,0),(1,3,1,6,69,1,0),(1,3,1,7,40,22,14),(1,3,1,7,41,6,5),(1,3,1,7,48,1,0),(1,3,1,7,50,5,2),(1,3,1,7,52,2,1),(1,3,1,7,53,6,0),(1,3,1,7,54,1,9),(1,3,1,7,57,14,2),(1,3,1,7,60,4,1),(1,3,1,7,64,6,2),(1,3,1,7,69,3,0),(1,3,1,8,41,2,1),(1,3,1,8,53,1,0),(1,3,1,8,57,4,0),(1,3,1,8,60,1,0),(1,3,1,8,69,1,0),(1,3,1,9,53,2,0),(1,3,1,11,60,1,0),(1,3,1,12,54,1,9),(1,3,1,12,60,1,0),(1,3,1,13,57,1,0),(1,3,2,0,40,36,23),(1,3,2,0,41,38,31),(1,3,2,0,42,6,35),(1,3,2,0,43,2,5),(1,3,2,0,45,1,14),(1,3,2,0,47,2,6),(1,3,2,0,48,67,24),(1,3,2,0,49,7,31),(1,3,2,0,50,58,28),(1,3,2,0,51,19,12),(1,3,2,0,52,30,15),(1,3,2,0,53,197,32),(1,3,2,0,55,10,3),(1,3,2,0,56,3,10),(1,3,2,0,57,54,9),(1,3,2,0,58,2,16),(1,3,2,0,59,14,14),(1,3,2,0,60,88,36),(1,3,2,0,61,100,32),(1,3,2,0,62,3,13),(1,3,2,0,63,36,34),(1,3,2,0,64,91,34),(1,3,2,0,65,10,40),(1,3,2,0,66,2,10),(1,3,2,0,68,6,26),(1,3,2,0,69,79,22),(1,3,2,4,64,1,0),(1,3,2,6,40,1,0),(1,3,2,6,52,1,0),(1,3,2,6,64,1,0),(1,3,2,6,69,1,0),(1,3,2,7,40,12,7),(1,3,2,7,49,1,4),(1,3,2,7,50,2,0),(1,3,2,7,52,1,0),(1,3,2,7,54,1,9),(1,3,2,7,60,2,0),(1,3,2,7,61,4,1),(1,3,2,7,64,1,0),(1,3,2,10,41,1,0),(1,3,2,12,54,1,9),(1,3,2,13,53,1,0),(1,4,1,0,51,1,0),(1,4,1,0,52,1,0),(1,4,1,0,53,4,0),(1,4,1,0,60,8,3),(1,4,2,0,42,1,5),(1,4,2,0,51,1,0),(1,4,2,0,53,6,0),(1,4,2,0,60,2,0),(1,4,2,0,61,2,0),(1,4,2,0,69,1,0),(1,5,1,0,52,5,2),(1,5,1,0,67,19,47),(1,5,2,0,48,1,0),(1,5,2,0,52,3,1),(1,5,2,0,53,1,0),(1,5,2,0,56,1,3),(1,5,2,0,60,1,0),(1,5,2,0,64,1,0),(1,5,2,0,67,21,52),(2,0,1,0,70,43,7),(2,0,1,0,71,5,5),(2,0,1,0,72,11,6),(2,0,1,0,74,4,16),(2,0,1,0,75,1,1),(2,0,1,0,77,20,8),(2,0,1,0,78,4,3),(2,0,1,0,79,1,5),(2,0,1,0,80,13,3),(2,0,1,0,81,2,10),(2,0,1,0,82,34,15),(2,0,1,0,83,26,6),(2,0,1,0,84,54,13),(2,0,1,0,85,1,3),(2,0,1,0,86,3,20),(2,0,1,0,87,6,1),(2,0,1,0,88,9,10),(2,0,1,0,89,7,10),(2,0,1,0,90,4,6),(2,0,1,0,91,4,5),(2,0,1,0,92,32,48),(2,0,1,0,93,7,50),(2,0,1,0,94,1,0),(2,0,1,0,97,9,23),(2,0,1,0,98,35,8),(2,0,1,0,102,1,1),(2,0,1,0,104,9,3),(2,0,1,0,105,81,12),(2,0,1,0,107,5,4),(2,0,1,0,108,4,6),(2,0,1,0,109,12,2),(2,0,1,0,111,15,2),(2,0,1,0,112,311,46),(2,0,1,0,113,31,39),(2,0,1,0,114,48,23),(2,0,1,0,115,25,7),(2,0,1,0,117,19,21),(2,0,1,0,118,2,0),(2,0,1,0,119,14,10),(2,0,1,0,120,3,2),(2,0,1,0,121,2,11),(2,0,1,0,122,6,3),(2,0,1,0,123,33,4),(2,0,1,0,124,28,15),(2,0,1,0,125,1,0),(2,0,1,0,127,19,13),(2,0,1,0,128,3,2),(2,0,1,0,129,1,5),(2,0,1,0,130,84,18),(2,0,1,0,131,11,12),(2,0,1,0,132,25,6),(2,0,1,0,133,4,6),(2,0,1,0,134,5,23),(2,0,1,0,136,7,23),(2,0,1,6,110,1,0),(2,0,1,7,98,1,0),(2,0,1,7,112,4,0),(2,0,1,7,113,1,1),(2,0,1,7,123,1,0),(2,0,1,7,130,1,0),(2,0,1,9,115,2,0),(2,0,1,10,84,1,0),(2,0,1,12,112,1,0),(2,0,1,13,123,1,0),(2,0,2,0,70,33,5),(2,0,2,0,71,6,6),(2,0,2,0,72,4,2),(2,0,2,0,73,1,3),(2,0,2,0,75,2,2),(2,0,2,0,77,10,4),(2,0,2,0,78,4,3),(2,0,2,0,79,2,10),(2,0,2,0,80,6,1),(2,0,2,0,81,1,5),(2,0,2,0,82,30,14),(2,0,2,0,83,19,5),(2,0,2,0,84,50,12),(2,0,2,0,85,1,3),(2,0,2,0,86,3,20),(2,0,2,0,87,9,1),(2,0,2,0,88,3,3),(2,0,2,0,89,10,14),(2,0,2,0,90,5,8),(2,0,2,0,91,7,10),(2,0,2,0,92,22,33),(2,0,2,0,93,2,14),(2,0,2,0,95,1,5),(2,0,2,0,96,2,10),(2,0,2,0,97,3,7),(2,0,2,0,98,45,10),(2,0,2,0,100,3,27),(2,0,2,0,102,1,1),(2,0,2,0,104,9,3),(2,0,2,0,105,82,12),(2,0,2,0,106,1,0),(2,0,2,0,107,6,5),(2,0,2,0,108,2,3),(2,0,2,0,109,16,3),(2,0,2,0,110,1,0),(2,0,2,0,111,14,2),(2,0,2,0,112,291,43),(2,0,2,0,113,37,47),(2,0,2,0,114,51,24),(2,0,2,0,115,15,4),(2,0,2,0,117,14,15),(2,0,2,0,118,4,1),(2,0,2,0,119,10,7),(2,0,2,0,121,1,5),(2,0,2,0,122,12,6),(2,0,2,0,123,31,4),(2,0,2,0,124,39,21),(2,0,2,0,125,6,1),(2,0,2,0,127,32,22),(2,0,2,0,129,1,5),(2,0,2,0,130,93,20),(2,0,2,0,131,13,14),(2,0,2,0,132,19,4),(2,0,2,0,133,6,9),(2,0,2,0,134,11,52),(2,0,2,0,136,9,30),(2,0,2,4,105,1,0),(2,0,2,6,112,1,0),(2,0,2,6,132,1,0),(2,0,2,7,83,1,0),(2,0,2,7,84,1,0),(2,0,2,7,112,10,1),(2,0,2,7,113,1,1),(2,0,2,7,130,1,0),(2,1,1,0,71,4,4),(2,1,1,0,73,2,7),(2,1,1,0,75,1,1),(2,1,1,0,77,3,1),(2,1,1,0,78,3,2),(2,1,1,0,80,13,3),(2,1,1,0,81,1,5),(2,1,1,0,82,65,30),(2,1,1,0,83,36,9),(2,1,1,0,84,47,11),(2,1,1,0,85,2,6),(2,1,1,0,86,1,6),(2,1,1,0,87,11,2),(2,1,1,0,92,2,3),(2,1,1,0,94,1,0),(2,1,1,0,95,1,5),(2,1,1,0,98,1,0),(2,1,1,0,102,1,1),(2,1,1,0,103,1,2),(2,1,1,0,104,9,3),(2,1,1,0,105,21,3),(2,1,1,0,106,1,0),(2,1,1,0,107,5,4),(2,1,1,0,109,9,2),(2,1,1,0,110,2,1),(2,1,1,0,111,10,1),(2,1,1,0,114,23,11),(2,1,1,0,115,56,16),(2,1,1,0,117,7,7),(2,1,1,0,118,28,8),(2,1,1,0,119,2,1),(2,1,1,0,120,5,4),(2,1,1,0,123,17,2),(2,1,1,0,124,18,9),(2,1,1,0,125,23,3),(2,1,1,0,127,1,0),(2,1,1,0,128,9,8),(2,1,1,0,130,12,2),(2,1,1,0,132,18,4),(2,1,1,0,134,1,4),(2,1,1,0,136,1,3),(2,1,1,0,137,10,12),(2,1,1,2,93,1,7),(2,1,1,3,123,1,0),(2,1,1,4,83,1,0),(2,1,1,4,124,1,0),(2,1,1,6,83,1,0),(2,1,1,6,115,1,0),(2,1,1,7,83,1,0),(2,1,1,7,115,1,0),(2,1,1,7,130,1,0),(2,1,1,9,86,1,6),(2,1,1,10,115,1,0),(2,1,1,12,93,1,7),(2,1,1,13,83,1,0),(2,1,2,0,74,2,8),(2,1,2,0,75,1,1),(2,1,2,0,77,5,2),(2,1,2,0,78,2,1),(2,1,2,0,80,14,3),(2,1,2,0,82,47,21),(2,1,2,0,83,33,8),(2,1,2,0,84,46,11),(2,1,2,0,86,2,13),(2,1,2,0,87,5,0),(2,1,2,0,89,1,1),(2,1,2,0,90,1,1),(2,1,2,0,91,1,1),(2,1,2,0,92,2,3),(2,1,2,0,94,1,0),(2,1,2,0,95,2,11),(2,1,2,0,98,3,0),(2,1,2,0,101,2,9),(2,1,2,0,102,1,1),(2,1,2,0,103,2,5),(2,1,2,0,104,3,1),(2,1,2,0,105,16,2),(2,1,2,0,106,1,0),(2,1,2,0,107,2,1),(2,1,2,0,108,1,1),(2,1,2,0,109,6,1),(2,1,2,0,110,3,2),(2,1,2,0,111,12,1),(2,1,2,0,112,3,0),(2,1,2,0,114,31,15),(2,1,2,0,115,67,20),(2,1,2,0,117,13,14),(2,1,2,0,118,32,9),(2,1,2,0,119,3,2),(2,1,2,0,120,5,4),(2,1,2,0,122,1,0),(2,1,2,0,123,23,3),(2,1,2,0,124,23,12),(2,1,2,0,125,20,3),(2,1,2,0,128,4,3),(2,1,2,0,129,1,5),(2,1,2,0,130,14,3),(2,1,2,0,131,2,2),(2,1,2,0,132,26,6),(2,1,2,0,133,1,1),(2,1,2,0,134,1,4),(2,1,2,0,137,11,13),(2,1,2,2,104,1,0),(2,1,2,4,84,1,0),(2,1,2,6,104,1,0),(2,1,2,6,130,1,0),(2,1,2,7,111,1,0),(2,1,2,7,130,2,0),(2,1,2,8,104,1,0),(2,1,2,8,130,1,0),(2,1,2,12,115,1,0),(2,2,1,0,73,1,3),(2,2,1,0,75,1,1),(2,2,1,0,77,1,0),(2,2,1,0,80,4,0),(2,2,1,0,82,1,0),(2,2,1,0,83,2,0),(2,2,1,0,84,2,0),(2,2,1,0,85,2,6),(2,2,1,0,86,1,6),(2,2,1,0,87,3,0),(2,2,1,0,88,2,2),(2,2,1,0,90,1,1),(2,2,1,0,104,3,1),(2,2,1,0,105,1,0),(2,2,1,0,109,1,0),(2,2,1,0,110,2,1),(2,2,1,0,111,1,0),(2,2,1,0,114,3,1),(2,2,1,0,115,6,1),(2,2,1,0,118,5,1),(2,2,1,0,120,1,0),(2,2,1,0,123,1,0),(2,2,1,0,125,3,0),(2,2,1,0,130,5,1),(2,2,1,0,132,1,0),(2,2,1,0,137,1,1),(2,2,2,0,75,3,3),(2,2,2,0,77,2,0),(2,2,2,0,80,3,0),(2,2,2,0,82,1,0),(2,2,2,0,83,1,0),(2,2,2,0,84,1,0),(2,2,2,0,87,1,0),(2,2,2,0,88,1,1),(2,2,2,0,98,1,0),(2,2,2,0,104,2,0),(2,2,2,0,105,5,0),(2,2,2,0,109,1,0),(2,2,2,0,110,1,0),(2,2,2,0,115,3,0),(2,2,2,0,118,3,0),(2,2,2,0,120,1,0),(2,2,2,0,123,1,0),(2,2,2,0,130,3,0),(2,2,2,10,123,1,0),(2,3,1,0,70,1,0),(2,3,1,0,71,38,39),(2,3,1,0,72,75,42),(2,3,1,0,73,10,38),(2,3,1,0,74,11,44),(2,3,1,0,75,38,40),(2,3,1,0,76,28,56),(2,3,1,0,77,96,41),(2,3,1,0,78,57,43),(2,3,1,0,79,8,40),(2,3,1,0,80,189,46),(2,3,1,0,81,10,50),(2,3,1,0,82,17,7),(2,3,1,0,83,127,34),(2,3,1,0,84,96,23),(2,3,1,0,85,15,48),(2,3,1,0,86,3,20),(2,3,1,0,87,237,45),(2,3,1,0,88,42,48),(2,3,1,0,89,30,42),(2,3,1,0,90,35,58),(2,3,1,0,91,21,31),(2,3,1,0,92,4,6),(2,3,1,0,93,3,21),(2,3,1,0,94,67,47),(2,3,1,0,95,9,52),(2,3,1,0,96,4,21),(2,3,1,0,97,15,38),(2,3,1,0,98,173,40),(2,3,1,0,99,9,56),(2,3,1,0,100,5,45),(2,3,1,0,101,16,72),(2,3,1,0,102,30,36),(2,3,1,0,103,18,46),(2,3,1,0,104,114,48),(2,3,1,0,105,222,33),(2,3,1,0,106,43,41),(2,3,1,0,107,34,31),(2,3,1,0,108,25,39),(2,3,1,0,109,201,47),(2,3,1,0,110,59,47),(2,3,1,0,111,283,44),(2,3,1,0,112,16,2),(2,3,1,0,113,4,5),(2,3,1,0,114,26,12),(2,3,1,0,115,80,24),(2,3,1,0,117,19,21),(2,3,1,0,118,134,40),(2,3,1,0,119,53,38),(2,3,1,0,120,56,45),(2,3,1,0,121,7,41),(2,3,1,0,122,84,46),(2,3,1,0,123,296,42),(2,3,1,0,124,36,19),(2,3,1,0,125,275,46),(2,3,1,0,126,32,53),(2,3,1,0,127,44,30),(2,3,1,0,128,48,46),(2,3,1,0,129,6,33),(2,3,1,0,130,128,28),(2,3,1,0,131,28,32),(2,3,1,0,132,162,41),(2,3,1,0,133,33,51),(2,3,1,0,134,1,4),(2,3,1,0,135,7,53),(2,3,1,0,136,8,26),(2,3,1,0,137,32,38),(2,3,1,1,111,1,0),(2,3,1,2,91,1,1),(2,3,1,2,98,1,0),(2,3,1,2,105,1,0),(2,3,1,2,109,1,0),(2,3,1,2,111,1,0),(2,3,1,2,120,1,0),(2,3,1,2,123,1,0),(2,3,1,2,132,1,0),(2,3,1,4,84,1,0),(2,3,1,4,111,1,0),(2,3,1,4,114,1,0),(2,3,1,4,123,2,0),(2,3,1,6,80,1,0),(2,3,1,6,87,2,0),(2,3,1,6,94,1,0),(2,3,1,6,107,2,1),(2,3,1,6,111,1,0),(2,3,1,6,115,1,0),(2,3,1,6,119,1,0),(2,3,1,7,77,1,0),(2,3,1,7,80,2,0),(2,3,1,7,83,1,0),(2,3,1,7,91,1,1),(2,3,1,7,98,2,0),(2,3,1,7,102,1,1),(2,3,1,7,104,1,0),(2,3,1,7,105,1,0),(2,3,1,7,107,2,1),(2,3,1,7,110,1,0),(2,3,1,7,113,1,1),(2,3,1,7,115,1,0),(2,3,1,7,119,2,1),(2,3,1,7,120,1,0),(2,3,1,7,123,1,0),(2,3,1,7,125,1,0),(2,3,1,7,127,1,0),(2,3,1,7,130,2,0),(2,3,1,8,80,1,0),(2,3,1,8,107,1,0),(2,3,1,8,115,1,0),(2,3,1,8,119,1,0),(2,3,1,8,123,1,0),(2,3,1,9,94,1,0),(2,3,1,9,105,2,0),(2,3,1,9,111,2,0),(2,3,1,9,115,1,0),(2,3,1,9,124,1,0),(2,3,1,9,133,1,1),(2,3,1,12,111,1,0),(2,3,1,12,115,1,0),(2,3,1,13,123,1,0),(2,3,2,0,70,9,1),(2,3,2,0,71,43,44),(2,3,2,0,72,85,48),(2,3,2,0,73,12,46),(2,3,2,0,74,7,28),(2,3,2,0,75,47,49),(2,3,2,0,76,22,44),(2,3,2,0,77,88,38),(2,3,2,0,78,62,46),(2,3,2,0,79,9,45),(2,3,2,0,80,160,39),(2,3,2,0,81,6,30),(2,3,2,0,82,18,8),(2,3,2,0,83,119,31),(2,3,2,0,84,105,25),(2,3,2,0,85,10,32),(2,3,2,0,86,1,6),(2,3,2,0,87,249,47),(2,3,2,0,88,30,34),(2,3,2,0,89,22,31),(2,3,2,0,90,14,23),(2,3,2,0,91,31,46),(2,3,2,0,92,4,6),(2,3,2,0,94,69,48),(2,3,2,0,95,4,23),(2,3,2,0,96,4,21),(2,3,2,0,97,10,25),(2,3,2,0,98,153,36),(2,3,2,0,99,7,43),(2,3,2,0,100,3,27),(2,3,2,0,101,4,18),(2,3,2,0,102,38,45),(2,3,2,0,103,17,43),(2,3,2,0,104,79,33),(2,3,2,0,105,221,33),(2,3,2,0,106,40,38),(2,3,2,0,107,42,39),(2,3,2,0,108,32,50),(2,3,2,0,109,175,41),(2,3,2,0,110,53,43),(2,3,2,0,111,286,45),(2,3,2,0,112,23,3),(2,3,2,0,113,2,2),(2,3,2,0,114,20,9),(2,3,2,0,115,69,20),(2,3,2,0,117,18,20),(2,3,2,0,118,126,37),(2,3,2,0,119,51,37),(2,3,2,0,120,47,38),(2,3,2,0,121,7,41),(2,3,2,0,122,77,42),(2,3,2,0,123,273,39),(2,3,2,0,124,36,19),(2,3,2,0,125,258,43),(2,3,2,0,126,28,46),(2,3,2,0,127,41,28),(2,3,2,0,128,40,38),(2,3,2,0,129,8,44),(2,3,2,0,130,94,21),(2,3,2,0,131,33,37),(2,3,2,0,132,134,34),(2,3,2,0,133,19,29),(2,3,2,0,134,2,9),(2,3,2,0,135,6,46),(2,3,2,0,136,5,16),(2,3,2,0,137,29,34),(2,3,2,2,109,1,0),(2,3,2,3,104,1,0),(2,3,2,3,123,2,0),(2,3,2,4,97,1,2),(2,3,2,4,111,1,0),(2,3,2,6,94,1,0),(2,3,2,6,106,1,0),(2,3,2,6,111,2,0),(2,3,2,6,123,2,0),(2,3,2,7,70,1,0),(2,3,2,7,80,1,0),(2,3,2,7,83,1,0),(2,3,2,7,97,1,2),(2,3,2,7,105,1,0),(2,3,2,7,120,1,0),(2,3,2,7,123,1,0),(2,3,2,8,123,1,0),(2,3,2,10,75,1,1),(2,3,2,13,123,1,0),(2,4,1,0,74,1,4),(2,4,1,0,111,1,0),(2,4,1,0,112,1,0),(2,4,1,0,118,1,0),(2,4,1,0,130,1,0),(2,4,2,0,82,1,0),(2,4,2,0,83,2,0),(2,4,2,0,84,1,0),(2,4,2,0,91,1,1),(2,4,2,0,114,1,0),(2,4,2,0,124,1,0),(2,4,2,0,130,1,0),(2,5,1,0,70,244,43),(2,5,1,0,77,1,0),(2,5,1,0,83,1,0),(2,5,1,0,84,1,0),(2,5,1,0,96,3,15),(2,5,1,0,98,6,1),(2,5,1,0,102,7,8),(2,5,1,0,103,1,2),(2,5,1,0,105,2,0),(2,5,1,0,106,7,6),(2,5,1,0,107,5,4),(2,5,1,0,112,3,0),(2,5,1,0,113,1,1),(2,5,1,0,114,1,0),(2,5,1,0,127,2,1),(2,5,2,0,70,231,41),(2,5,2,0,77,2,0),(2,5,2,0,96,6,31),(2,5,2,0,98,4,0),(2,5,2,0,102,3,3),(2,5,2,0,104,1,0),(2,5,2,0,105,2,0),(2,5,2,0,106,10,9),(2,5,2,0,107,3,2),(2,5,2,0,109,1,0),(2,5,2,0,112,2,0),(2,5,2,0,120,1,0),(2,5,2,0,122,1,0),(2,5,2,0,127,2,1),(2,5,2,0,129,1,5),(3,0,1,0,206,8,25),(3,0,1,0,207,219,23),(3,0,1,0,208,16,41),(3,0,1,0,209,4,21),(3,0,1,0,210,15,34),(3,0,1,0,211,159,22),(3,0,1,0,212,160,35),(3,0,1,0,213,44,25),(3,0,1,0,214,36,4),(3,0,1,0,215,45,9),(3,0,1,0,216,28,23),(3,0,1,2,211,2,0),(3,0,1,2,212,2,0),(3,0,1,6,212,1,0),(3,0,1,6,215,1,0),(3,0,1,7,211,2,0),(3,0,1,7,212,3,0),(3,0,1,7,215,5,1),(3,0,1,9,213,1,0),(3,0,1,9,215,2,0),(3,0,2,0,205,1,2),(3,0,2,0,206,8,25),(3,0,2,0,207,227,24),(3,0,2,0,208,6,15),(3,0,2,0,209,6,31),(3,0,2,0,210,20,45),(3,0,2,0,211,152,21),(3,0,2,0,212,156,34),(3,0,2,0,213,43,25),(3,0,2,0,214,37,4),(3,0,2,0,215,51,10),(3,0,2,0,216,45,37),(3,0,2,2,212,1,0),(3,0,2,3,211,1,0),(3,0,2,4,211,1,0),(3,0,2,4,216,1,0),(3,0,2,6,215,1,0),(3,0,2,7,211,2,0),(3,0,2,7,212,1,0),(3,1,1,0,205,3,6),(3,1,1,0,206,1,3),(3,1,1,0,207,94,10),(3,1,1,0,208,1,2),(3,1,1,0,211,42,5),(3,1,1,0,212,12,2),(3,1,1,0,213,10,5),(3,1,1,0,214,49,6),(3,1,1,0,215,13,2),(3,1,1,0,216,5,4),(3,1,1,1,214,1,0),(3,1,1,4,215,1,0),(3,1,1,7,207,1,0),(3,1,1,7,214,1,0),(3,1,2,0,205,1,2),(3,1,2,0,206,1,3),(3,1,2,0,207,110,11),(3,1,2,0,208,3,7),(3,1,2,0,211,45,6),(3,1,2,0,212,9,2),(3,1,2,0,213,19,11),(3,1,2,0,214,46,5),(3,1,2,0,215,25,5),(3,1,2,0,216,2,1),(3,1,2,7,211,2,0),(3,2,1,0,205,2,4),(3,2,1,0,206,1,3),(3,2,1,0,207,3,0),(3,2,1,0,212,7,1),(3,2,1,0,213,1,0),(3,2,1,0,214,14,1),(3,2,1,0,215,10,2),(3,2,1,0,216,1,0),(3,2,1,7,215,1,0),(3,2,2,0,205,2,4),(3,2,2,0,207,5,0),(3,2,2,0,210,1,2),(3,2,2,0,211,3,0),(3,2,2,0,212,3,0),(3,2,2,0,213,1,0),(3,2,2,0,214,16,2),(3,2,2,0,215,8,1),(3,2,2,7,215,4,0),(3,3,1,0,205,17,38),(3,3,1,0,206,7,22),(3,3,1,0,207,158,16),(3,3,1,0,208,9,23),(3,3,1,0,209,8,42),(3,3,1,0,210,2,4),(3,3,1,0,211,141,20),(3,3,1,0,212,45,10),(3,3,1,0,213,20,11),(3,3,1,0,214,280,36),(3,3,1,0,215,169,35),(3,3,1,0,216,17,14),(3,3,1,2,211,2,0),(3,3,1,2,214,1,0),(3,3,1,6,207,1,0),(3,3,1,6,214,4,0),(3,3,1,7,210,1,2),(3,3,1,7,211,4,0),(3,3,1,7,214,4,0),(3,3,1,7,215,2,0),(3,3,1,9,214,9,1),(3,3,1,12,215,4,0),(3,3,2,0,205,18,40),(3,3,2,0,206,5,16),(3,3,2,0,207,118,12),(3,3,2,0,208,4,10),(3,3,2,0,209,1,5),(3,3,2,0,210,5,11),(3,3,2,0,211,141,20),(3,3,2,0,212,44,9),(3,3,2,0,213,29,16),(3,3,2,0,214,244,31),(3,3,2,0,215,130,27),(3,3,2,0,216,20,16),(3,3,2,1,211,1,0),(3,3,2,2,212,1,0),(3,3,2,2,214,5,0),(3,3,2,6,214,12,1),(3,3,2,7,211,3,0),(3,3,2,7,212,2,0),(3,3,2,7,213,1,0),(3,3,2,7,214,9,1),(3,3,2,7,215,6,1),(3,3,2,8,214,4,0),(3,3,2,9,215,1,0),(3,3,2,11,213,1,0),(3,3,2,12,214,4,0),(3,4,1,0,214,1,0),(3,4,2,0,211,1,0),(3,4,2,0,215,1,0),(3,5,1,0,207,1,0),(3,5,1,0,215,1,0),(3,5,2,0,213,1,0),(4,0,1,0,163,2,5),(4,0,1,0,164,9,33),(4,0,1,0,166,1,5),(4,0,1,0,167,2,9),(4,0,1,0,171,23,13),(4,0,1,0,172,8,11),(4,0,1,0,173,5,62),(4,0,1,0,174,8,53),(4,0,1,0,175,6,17),(4,0,1,0,176,4,2),(4,0,1,0,177,22,13),(4,0,1,0,178,9,33),(4,0,1,0,179,19,46),(4,0,1,0,180,110,27),(4,0,1,0,181,3,27),(4,0,1,0,182,3,12),(4,0,1,0,183,11,20),(4,0,1,0,184,8,21),(4,0,1,0,185,27,10),(4,0,1,0,186,5,6),(4,0,1,0,188,4,8),(4,0,1,0,189,3,2),(4,0,1,0,190,89,34),(4,0,1,0,191,8,5),(4,0,1,0,192,1,7),(4,0,1,0,193,7,8),(4,0,1,0,194,8,9),(4,0,1,0,195,5,10),(4,0,1,0,196,8,32),(4,0,1,0,198,32,4),(4,0,1,0,200,6,30),(4,0,1,0,201,6,28),(4,0,1,0,202,6,19),(4,0,1,0,203,9,33),(4,0,1,0,204,11,4),(4,0,1,2,180,1,0),(4,0,1,6,185,1,0),(4,0,1,6,194,1,1),(4,0,1,7,164,1,3),(4,0,1,7,167,1,4),(4,0,1,7,171,1,0),(4,0,1,7,175,1,2),(4,0,1,7,189,1,0),(4,0,1,9,178,1,3),(4,0,1,9,190,1,0),(4,0,2,0,164,3,11),(4,0,2,0,166,1,5),(4,0,2,0,167,2,9),(4,0,2,0,168,1,7),(4,0,2,0,171,24,14),(4,0,2,0,172,4,5),(4,0,2,0,173,2,25),(4,0,2,0,174,4,26),(4,0,2,0,175,7,20),(4,0,2,0,176,6,3),(4,0,2,0,177,27,16),(4,0,2,0,178,11,40),(4,0,2,0,179,21,51),(4,0,2,0,180,122,30),(4,0,2,0,181,1,9),(4,0,2,0,182,4,16),(4,0,2,0,183,21,39),(4,0,2,0,184,6,15),(4,0,2,0,185,22,8),(4,0,2,0,186,4,5),(4,0,2,0,188,4,8),(4,0,2,0,190,86,33),(4,0,2,0,191,7,4),(4,0,2,0,192,4,28),(4,0,2,0,193,3,3),(4,0,2,0,194,2,2),(4,0,2,0,195,15,30),(4,0,2,0,196,3,12),(4,0,2,0,198,20,2),(4,0,2,0,200,4,20),(4,0,2,0,201,9,42),(4,0,2,0,202,6,19),(4,0,2,0,203,7,25),(4,0,2,0,204,5,2),(4,0,2,3,200,1,5),(4,0,2,7,164,1,3),(4,0,2,7,171,1,0),(4,0,2,7,190,1,0),(4,0,2,9,182,1,4),(4,0,2,9,191,1,0),(4,1,1,0,164,1,3),(4,1,1,0,170,4,10),(4,1,1,0,171,3,1),(4,1,1,0,172,7,10),(4,1,1,0,175,2,5),(4,1,1,0,176,11,6),(4,1,1,0,177,10,6),(4,1,1,0,178,1,3),(4,1,1,0,179,1,2),(4,1,1,0,180,22,5),(4,1,1,0,184,4,10),(4,1,1,0,185,15,6),(4,1,1,0,186,10,13),(4,1,1,0,187,2,16),(4,1,1,0,188,3,6),(4,1,1,0,189,5,4),(4,1,1,0,190,18,7),(4,1,1,0,191,30,18),(4,1,1,0,192,1,7),(4,1,1,0,193,2,2),(4,1,1,0,194,4,4),(4,1,1,0,195,4,8),(4,1,1,0,196,1,4),(4,1,1,0,198,6,0),(4,1,1,0,203,1,3),(4,1,1,0,204,52,22),(4,1,1,7,175,1,2),(4,1,1,7,190,1,0),(4,1,1,7,191,1,0),(4,1,1,9,180,1,0),(4,1,1,13,180,1,0),(4,1,2,0,164,2,7),(4,1,2,0,168,2,14),(4,1,2,0,170,3,7),(4,1,2,0,171,3,1),(4,1,2,0,172,9,13),(4,1,2,0,174,1,6),(4,1,2,0,175,3,8),(4,1,2,0,176,12,7),(4,1,2,0,177,10,6),(4,1,2,0,180,19,4),(4,1,2,0,181,1,9),(4,1,2,0,182,1,4),(4,1,2,0,184,3,7),(4,1,2,0,185,15,6),(4,1,2,0,186,3,4),(4,1,2,0,187,1,8),(4,1,2,0,188,11,22),(4,1,2,0,189,2,1),(4,1,2,0,190,22,8),(4,1,2,0,191,22,13),(4,1,2,0,193,6,6),(4,1,2,0,194,4,4),(4,1,2,0,195,8,16),(4,1,2,0,196,2,8),(4,1,2,0,198,8,1),(4,1,2,0,203,2,7),(4,1,2,0,204,44,19),(4,1,2,6,176,1,0),(4,1,2,7,176,1,0),(4,1,2,7,198,2,0),(4,1,2,11,170,1,2),(4,2,1,0,165,1,1),(4,2,1,0,167,1,4),(4,2,1,0,171,1,0),(4,2,1,0,172,4,5),(4,2,1,0,174,1,6),(4,2,1,0,176,1,0),(4,2,1,0,177,4,2),(4,2,1,0,178,1,3),(4,2,1,0,180,5,1),(4,2,1,0,183,2,3),(4,2,1,0,185,17,6),(4,2,1,0,186,3,4),(4,2,1,0,189,1,0),(4,2,1,0,190,2,0),(4,2,1,0,191,1,0),(4,2,1,0,194,7,8),(4,2,1,0,195,1,2),(4,2,1,0,198,8,1),(4,2,1,0,204,3,1),(4,2,1,3,167,1,4),(4,2,1,7,176,1,0),(4,2,1,12,167,1,4),(4,2,2,0,172,1,1),(4,2,2,0,176,5,2),(4,2,2,0,177,2,1),(4,2,2,0,180,4,1),(4,2,2,0,185,12,4),(4,2,2,0,186,3,4),(4,2,2,0,189,1,0),(4,2,2,0,190,1,0),(4,2,2,0,191,1,0),(4,2,2,0,193,2,2),(4,2,2,0,194,3,3),(4,2,2,0,198,5,0),(4,2,2,0,204,5,2),(4,2,2,7,180,1,0),(4,3,1,0,163,23,65),(4,3,1,0,164,5,18),(4,3,1,0,165,39,44),(4,3,1,0,166,11,57),(4,3,1,0,167,7,31),(4,3,1,0,168,6,42),(4,3,1,0,169,6,42),(4,3,1,0,170,20,50),(4,3,1,0,171,69,40),(4,3,1,0,172,19,28),(4,3,1,0,174,1,6),(4,3,1,0,175,10,29),(4,3,1,0,176,74,44),(4,3,1,0,177,42,26),(4,3,1,0,178,2,7),(4,3,1,0,180,52,13),(4,3,1,0,181,3,27),(4,3,1,0,182,8,32),(4,3,1,0,183,12,22),(4,3,1,0,184,9,23),(4,3,1,0,185,63,25),(4,3,1,0,186,19,26),(4,3,1,0,187,4,33),(4,3,1,0,188,13,26),(4,3,1,0,189,62,52),(4,3,1,0,190,20,7),(4,3,1,0,191,45,28),(4,3,1,0,192,3,21),(4,3,1,0,193,41,47),(4,3,1,0,194,35,43),(4,3,1,0,195,5,10),(4,3,1,0,196,7,28),(4,3,1,0,198,314,44),(4,3,1,0,199,1,50),(4,3,1,0,200,4,20),(4,3,1,0,201,2,9),(4,3,1,0,202,11,35),(4,3,1,0,203,3,11),(4,3,1,0,204,57,24),(4,3,1,3,185,1,0),(4,3,1,6,168,1,7),(4,3,1,6,177,1,0),(4,3,1,6,189,1,0),(4,3,1,6,198,5,0),(4,3,1,7,168,1,7),(4,3,1,7,170,1,2),(4,3,1,7,171,1,0),(4,3,1,7,180,2,0),(4,3,1,7,183,1,1),(4,3,1,7,194,3,3),(4,3,1,7,198,14,2),(4,3,1,8,168,1,7),(4,3,1,9,190,1,0),(4,3,2,0,163,10,28),(4,3,2,0,164,5,18),(4,3,2,0,165,46,52),(4,3,2,0,166,6,31),(4,3,2,0,167,7,31),(4,3,2,0,168,2,14),(4,3,2,0,169,8,57),(4,3,2,0,170,11,27),(4,3,2,0,171,42,24),(4,3,2,0,172,15,22),(4,3,2,0,173,1,12),(4,3,2,0,175,3,8),(4,3,2,0,176,52,30),(4,3,2,0,177,39,24),(4,3,2,0,178,2,7),(4,3,2,0,180,54,13),(4,3,2,0,181,3,27),(4,3,2,0,182,8,32),(4,3,2,0,183,6,11),(4,3,2,0,184,8,21),(4,3,2,0,185,69,27),(4,3,2,0,186,26,35),(4,3,2,0,187,5,41),(4,3,2,0,188,15,30),(4,3,2,0,189,41,34),(4,3,2,0,190,15,5),(4,3,2,0,191,42,26),(4,3,2,0,192,4,28),(4,3,2,0,193,24,27),(4,3,2,0,194,14,17),(4,3,2,0,195,11,22),(4,3,2,0,196,4,16),(4,3,2,0,198,261,37),(4,3,2,0,199,1,50),(4,3,2,0,200,5,25),(4,3,2,0,201,4,19),(4,3,2,0,202,8,25),(4,3,2,0,203,5,18),(4,3,2,0,204,52,22),(4,3,2,2,185,1,0),(4,3,2,2,189,1,0),(4,3,2,4,198,8,1),(4,3,2,6,185,1,0),(4,3,2,6,198,4,0),(4,3,2,7,171,1,0),(4,3,2,7,180,1,0),(4,3,2,7,185,2,0),(4,3,2,7,192,1,7),(4,3,2,7,198,9,1),(4,3,2,8,185,1,0),(4,3,2,8,198,4,0),(4,4,1,0,165,1,1),(4,4,1,0,177,1,0),(4,4,1,0,193,1,1),(4,4,2,0,165,1,1),(4,4,2,0,177,1,0),(4,4,2,0,195,1,2),(4,4,2,0,204,1,0),(4,5,1,0,175,1,2),(4,5,1,0,180,2,0),(4,5,2,0,189,1,0),(5,0,1,0,139,1,4),(5,0,1,0,140,427,28),(5,0,1,0,141,43,35),(5,0,1,0,142,3,7),(5,0,1,0,143,4,6),(5,0,1,0,144,2,3),(5,0,1,0,146,12,16),(5,0,1,0,148,90,42),(5,0,1,0,150,49,11),(5,0,1,0,151,39,11),(5,0,1,0,152,6,3),(5,0,1,0,153,84,42),(5,0,1,0,154,53,14),(5,0,1,0,155,47,36),(5,0,1,0,157,25,30),(5,0,1,0,158,22,11),(5,0,1,0,159,5,7),(5,0,1,0,160,42,14),(5,0,1,0,161,9,10),(5,0,1,0,162,66,27),(5,0,1,1,140,1,0),(5,0,1,2,158,4,2),(5,0,1,4,150,2,0),(5,0,1,4,153,1,0),(5,0,1,6,140,1,0),(5,0,1,6,148,1,0),(5,0,1,7,140,1,0),(5,0,1,7,141,1,0),(5,0,1,7,153,3,1),(5,0,1,7,158,4,2),(5,0,1,7,162,3,1),(5,0,1,9,140,2,0),(5,0,1,9,141,1,0),(5,0,1,10,160,1,0),(5,0,2,0,139,1,4),(5,0,2,0,140,380,25),(5,0,2,0,141,36,29),(5,0,2,0,142,1,2),(5,0,2,0,143,6,10),(5,0,2,0,144,4,7),(5,0,2,0,146,23,31),(5,0,2,0,148,67,31),(5,0,2,0,150,37,8),(5,0,2,0,151,35,10),(5,0,2,0,152,2,1),(5,0,2,0,153,106,53),(5,0,2,0,154,63,17),(5,0,2,0,155,47,36),(5,0,2,0,157,19,22),(5,0,2,0,158,18,9),(5,0,2,0,159,4,5),(5,0,2,0,160,44,15),(5,0,2,0,161,14,17),(5,0,2,0,162,60,24),(5,0,2,1,140,1,0),(5,0,2,2,150,2,0),(5,0,2,6,140,1,0),(5,0,2,7,140,2,0),(5,0,2,7,141,1,0),(5,0,2,7,150,1,0),(5,0,2,7,151,1,0),(5,0,2,7,153,2,1),(5,0,2,7,155,1,0),(5,0,2,9,140,1,0),(5,0,2,13,140,1,0),(5,1,1,0,138,2,7),(5,1,1,0,139,4,19),(5,1,1,0,140,134,8),(5,1,1,0,142,5,12),(5,1,1,0,143,4,6),(5,1,1,0,144,3,5),(5,1,1,0,145,29,5),(5,1,1,0,146,1,1),(5,1,1,0,147,7,7),(5,1,1,0,148,1,0),(5,1,1,0,149,10,2),(5,1,1,0,150,13,3),(5,1,1,0,151,23,6),(5,1,1,0,152,11,6),(5,1,1,0,154,21,5),(5,1,1,0,155,4,3),(5,1,1,0,156,7,2),(5,1,1,0,157,3,3),(5,1,1,0,158,16,8),(5,1,1,0,159,4,5),(5,1,1,0,160,27,9),(5,1,1,0,161,5,6),(5,1,1,0,162,8,3),(5,1,1,2,160,1,0),(5,1,1,3,140,1,0),(5,1,1,3,151,1,0),(5,1,1,6,140,1,0),(5,1,1,6,146,1,1),(5,1,1,7,140,1,0),(5,1,1,7,147,1,1),(5,1,1,7,149,1,0),(5,1,1,7,158,4,2),(5,1,1,7,162,1,0),(5,1,1,9,162,1,0),(5,1,1,10,151,1,0),(5,1,1,12,145,4,0),(5,1,2,0,138,1,3),(5,1,2,0,139,4,19),(5,1,2,0,140,128,8),(5,1,2,0,141,2,1),(5,1,2,0,142,4,9),(5,1,2,0,143,6,10),(5,1,2,0,144,7,12),(5,1,2,0,145,22,4),(5,1,2,0,146,4,5),(5,1,2,0,147,10,10),(5,1,2,0,148,3,1),(5,1,2,0,149,15,4),(5,1,2,0,150,14,3),(5,1,2,0,151,35,10),(5,1,2,0,152,19,10),(5,1,2,0,154,29,8),(5,1,2,0,155,2,1),(5,1,2,0,156,5,1),(5,1,2,0,157,6,7),(5,1,2,0,158,13,6),(5,1,2,0,159,6,8),(5,1,2,0,160,31,10),(5,1,2,0,161,2,2),(5,1,2,0,162,8,3),(5,1,2,1,154,4,1),(5,1,2,2,160,1,0),(5,1,2,4,151,1,0),(5,1,2,6,151,1,0),(5,1,2,6,154,4,1),(5,1,2,7,140,2,0),(5,1,2,7,151,1,0),(5,1,2,7,152,1,0),(5,1,2,7,154,4,1),(5,1,2,7,158,4,2),(5,1,2,7,160,1,0),(5,1,2,8,151,1,0),(5,1,2,8,154,4,1),(5,1,2,8,160,1,0),(5,1,2,9,158,4,2),(5,1,2,13,140,1,0),(5,2,1,0,140,8,0),(5,2,1,0,141,1,0),(5,2,1,0,142,1,2),(5,2,1,0,143,2,3),(5,2,1,0,148,1,0),(5,2,1,0,149,3,0),(5,2,1,0,150,1,0),(5,2,1,0,151,3,0),(5,2,1,0,152,1,0),(5,2,1,0,154,4,1),(5,2,1,0,156,2,0),(5,2,1,0,157,1,1),(5,2,1,0,158,4,2),(5,2,1,0,159,1,1),(5,2,1,0,160,1,0),(5,2,1,0,162,3,1),(5,2,1,7,161,1,1),(5,2,2,0,140,1,0),(5,2,2,0,141,1,0),(5,2,2,0,142,1,2),(5,2,2,0,143,1,1),(5,2,2,0,145,2,0),(5,2,2,0,150,1,0),(5,2,2,0,151,3,0),(5,2,2,0,152,1,0),(5,2,2,0,154,6,1),(5,2,2,0,156,1,0),(5,2,2,0,157,1,1),(5,2,2,0,158,4,2),(5,2,2,0,160,1,0),(5,2,2,0,161,2,2),(5,2,2,0,162,1,0),(5,3,1,0,138,9,34),(5,3,1,0,139,3,14),(5,3,1,0,140,196,13),(5,3,1,0,141,17,13),(5,3,1,0,142,16,39),(5,3,1,0,143,17,28),(5,3,1,0,144,21,38),(5,3,1,0,145,193,39),(5,3,1,0,146,17,23),(5,3,1,0,147,43,43),(5,3,1,0,148,16,7),(5,3,1,0,149,154,44),(5,3,1,0,150,136,32),(5,3,1,0,151,85,25),(5,3,1,0,152,72,41),(5,3,1,0,154,71,20),(5,3,1,0,155,16,12),(5,3,1,0,156,136,42),(5,3,1,0,157,18,21),(5,3,1,0,158,51,27),(5,3,1,0,159,23,33),(5,3,1,0,160,64,22),(5,3,1,0,161,18,21),(5,3,1,0,162,36,14),(5,3,1,2,145,6,1),(5,3,1,6,150,1,0),(5,3,1,6,151,1,0),(5,3,1,6,154,4,1),(5,3,1,6,160,1,0),(5,3,1,7,138,1,3),(5,3,1,7,140,4,0),(5,3,1,7,144,1,1),(5,3,1,7,145,10,2),(5,3,1,7,146,1,1),(5,3,1,7,147,1,1),(5,3,1,7,149,1,0),(5,3,1,7,150,2,0),(5,3,1,7,154,4,1),(5,3,1,7,155,1,0),(5,3,1,7,156,1,0),(5,3,1,7,160,1,0),(5,3,1,7,162,1,0),(5,3,1,8,154,4,1),(5,3,1,9,140,2,0),(5,3,1,12,138,1,3),(5,3,1,12,150,1,0),(5,3,1,12,154,4,1),(5,3,1,13,140,1,0),(5,3,2,0,138,12,46),(5,3,2,0,139,8,38),(5,3,2,0,140,183,12),(5,3,2,0,141,16,13),(5,3,2,0,142,8,19),(5,3,2,0,143,20,33),(5,3,2,0,144,16,29),(5,3,2,0,145,181,37),(5,3,2,0,146,14,19),(5,3,2,0,147,32,32),(5,3,2,0,148,12,5),(5,3,2,0,149,159,45),(5,3,2,0,150,147,35),(5,3,2,0,151,98,28),(5,3,2,0,152,60,34),(5,3,2,0,153,1,0),(5,3,2,0,154,59,16),(5,3,2,0,155,10,7),(5,3,2,0,156,149,46),(5,3,2,0,157,8,9),(5,3,2,0,158,37,19),(5,3,2,0,159,25,36),(5,3,2,0,160,61,21),(5,3,2,0,161,30,36),(5,3,2,0,162,46,19),(5,3,2,1,145,4,0),(5,3,2,1,162,1,0),(5,3,2,2,147,2,2),(5,3,2,2,149,2,0),(5,3,2,2,151,1,0),(5,3,2,3,156,1,0),(5,3,2,4,145,4,0),(5,3,2,6,145,4,0),(5,3,2,6,150,1,0),(5,3,2,6,151,1,0),(5,3,2,7,140,2,0),(5,3,2,7,141,1,0),(5,3,2,7,145,22,4),(5,3,2,7,147,1,1),(5,3,2,7,149,1,0),(5,3,2,7,150,5,1),(5,3,2,7,151,1,0),(5,3,2,7,159,1,1),(5,3,2,8,145,4,0),(5,3,2,8,147,1,1),(5,3,2,8,150,1,0),(5,3,2,8,151,1,0),(5,3,2,9,140,1,0),(5,3,2,12,145,1,0),(5,3,2,12,154,4,1),(5,4,1,0,140,1,0),(5,4,1,0,145,1,0),(5,4,1,0,148,1,0),(5,4,1,0,157,1,1),(5,5,1,0,140,3,0),(5,5,1,0,141,1,0),(5,5,1,0,148,12,5),(5,5,1,0,149,2,0),(5,5,1,0,150,1,0),(5,5,1,0,151,2,0),(5,5,1,0,154,5,1),(5,5,1,0,156,8,2),(5,5,1,0,158,2,1),(5,5,1,0,160,2,0),(5,5,1,0,161,1,1),(5,5,1,0,162,4,1),(5,5,2,0,140,1,0),(5,5,2,0,141,1,0),(5,5,2,0,142,2,4),(5,5,2,0,144,1,1),(5,5,2,0,145,1,0),(5,5,2,0,148,9,4),(5,5,2,0,149,2,0),(5,5,2,0,151,3,0),(5,5,2,0,154,7,1),(5,5,2,0,156,8,2),(5,5,2,0,160,3,1),(5,5,2,0,162,2,0),(5,5,2,4,156,1,0),(5,5,2,6,157,1,1),(6,0,1,0,1,180,23),(6,0,1,0,2,3,6),(6,0,1,0,3,71,18),(6,0,1,0,4,11,23),(6,0,1,0,5,15,22),(6,0,1,0,6,105,27),(6,0,1,0,7,104,42),(6,0,1,0,8,9,3),(6,0,1,0,9,19,36),(6,0,1,0,10,13,29),(6,0,1,0,11,2,50),(6,0,1,0,12,29,45),(6,0,1,0,13,3,1),(6,0,1,0,15,19,20),(6,0,1,0,18,3,1),(6,0,1,0,19,3,6),(6,0,1,0,21,17,48),(6,0,1,0,23,5,12),(6,0,1,0,24,51,23),(6,0,1,0,25,5,8),(6,0,1,0,26,24,34),(6,0,1,0,27,8,9),(6,0,1,0,29,6,14),(6,0,1,0,30,2,2),(6,0,1,0,33,20,40),(6,0,1,0,34,90,27),(6,0,1,0,35,2,2),(6,0,1,0,36,1,1),(6,0,1,0,37,1,6),(6,0,1,0,38,54,19),(6,0,1,0,39,2,3),(6,0,1,2,1,4,0),(6,0,1,6,8,1,0),(6,0,1,6,34,1,0),(6,0,1,7,1,1,0),(6,0,1,7,3,2,0),(6,0,1,7,6,1,0),(6,0,1,7,8,1,0),(6,0,1,7,13,2,1),(6,0,1,7,15,2,2),(6,0,1,7,21,1,2),(6,0,1,7,24,2,0),(6,0,1,7,29,1,2),(6,0,1,8,8,1,0),(6,0,1,9,33,1,2),(6,0,1,10,38,1,0),(6,0,1,12,15,2,2),(6,0,1,13,3,2,0),(6,0,1,13,6,5,1),(6,0,2,0,1,174,22),(6,0,2,0,3,82,21),(6,0,2,0,4,13,28),(6,0,2,0,5,7,10),(6,0,2,0,6,119,30),(6,0,2,0,7,105,42),(6,0,2,0,8,17,6),(6,0,2,0,9,24,46),(6,0,2,0,10,1,2),(6,0,2,0,11,1,25),(6,0,2,0,12,28,43),(6,0,2,0,13,7,4),(6,0,2,0,15,30,31),(6,0,2,0,18,1,0),(6,0,2,0,19,4,8),(6,0,2,0,20,6,15),(6,0,2,0,21,12,34),(6,0,2,0,23,4,9),(6,0,2,0,24,41,18),(6,0,2,0,25,2,3),(6,0,2,0,26,25,36),(6,0,2,0,27,5,6),(6,0,2,0,29,3,7),(6,0,2,0,33,11,22),(6,0,2,0,34,101,31),(6,0,2,0,38,46,16),(6,0,2,0,39,2,3),(6,0,2,2,6,1,0),(6,0,2,2,7,1,0),(6,0,2,2,9,1,1),(6,0,2,3,11,1,25),(6,0,2,7,3,1,0),(6,0,2,7,9,1,1),(6,0,2,7,24,2,0),(6,0,2,12,15,1,1),(6,0,2,13,3,4,1),(6,0,2,13,6,1,0),(6,0,2,13,38,1,0),(6,1,1,0,1,160,21),(6,1,1,0,2,5,10),(6,1,1,0,3,28,7),(6,1,1,0,5,7,10),(6,1,1,0,6,22,5),(6,1,1,0,7,3,1),(6,1,1,0,8,15,6),(6,1,1,0,9,1,1),(6,1,1,0,10,1,2),(6,1,1,0,13,15,9),(6,1,1,0,14,7,21),(6,1,1,0,15,3,3),(6,1,1,0,16,20,17),(6,1,1,0,17,5,16),(6,1,1,0,18,58,31),(6,1,1,0,19,8,17),(6,1,1,0,20,8,20),(6,1,1,0,22,15,32),(6,1,1,0,23,9,21),(6,1,1,0,24,31,14),(6,1,1,0,25,10,17),(6,1,1,0,26,9,13),(6,1,1,0,27,12,14),(6,1,1,0,29,1,2),(6,1,1,0,30,13,14),(6,1,1,0,31,9,23),(6,1,1,0,32,12,22),(6,1,1,0,33,2,4),(6,1,1,0,34,25,7),(6,1,1,0,35,11,16),(6,1,1,0,36,6,11),(6,1,1,0,37,2,13),(6,1,1,0,38,12,4),(6,1,1,0,39,10,15),(6,1,1,6,1,1,0),(6,1,1,7,1,1,0),(6,1,1,7,13,1,0),(6,1,1,7,16,3,2),(6,1,1,7,18,1,0),(6,1,1,7,20,1,2),(6,1,1,7,24,2,0),(6,1,1,7,27,3,3),(6,1,1,7,31,1,2),(6,1,1,9,23,1,2),(6,1,1,9,38,1,0),(6,1,1,12,15,2,2),(6,1,1,12,25,1,1),(6,1,1,13,3,3,0),(6,1,1,13,6,1,0),(6,1,1,13,38,1,0),(6,1,2,0,1,134,17),(6,1,2,0,2,9,18),(6,1,2,0,3,18,4),(6,1,2,0,4,2,4),(6,1,2,0,5,6,8),(6,1,2,0,6,27,6),(6,1,2,0,7,5,2),(6,1,2,0,8,17,6),(6,1,2,0,9,1,1),(6,1,2,0,10,2,4),(6,1,2,0,12,4,6),(6,1,2,0,13,12,7),(6,1,2,0,14,4,12),(6,1,2,0,15,7,7),(6,1,2,0,16,19,16),(6,1,2,0,17,6,20),(6,1,2,0,18,56,30),(6,1,2,0,19,6,13),(6,1,2,0,20,3,7),(6,1,2,0,22,17,36),(6,1,2,0,23,4,9),(6,1,2,0,24,27,12),(6,1,2,0,25,8,14),(6,1,2,0,26,9,13),(6,1,2,0,27,13,15),(6,1,2,0,29,1,2),(6,1,2,0,30,19,21),(6,1,2,0,31,5,12),(6,1,2,0,32,11,20),(6,1,2,0,33,2,4),(6,1,2,0,34,31,9),(6,1,2,0,35,16,23),(6,1,2,0,36,7,13),(6,1,2,0,37,1,6),(6,1,2,0,38,28,10),(6,1,2,0,39,11,17),(6,1,2,6,16,2,1),(6,1,2,7,16,4,3),(6,1,2,7,18,1,0),(6,1,2,7,29,1,2),(6,1,2,8,16,2,1),(6,1,2,13,38,1,0),(6,2,1,0,1,4,0),(6,2,1,0,3,2,0),(6,2,1,0,4,1,2),(6,2,1,0,6,3,0),(6,2,1,0,7,1,0),(6,2,1,0,8,9,3),(6,2,1,0,10,1,2),(6,2,1,0,13,6,3),(6,2,1,0,17,1,3),(6,2,1,0,18,2,1),(6,2,1,0,24,2,0),(6,2,1,0,27,1,1),(6,2,1,0,30,2,2),(6,2,1,0,31,1,2),(6,2,1,0,32,1,1),(6,2,1,0,34,1,0),(6,2,1,0,35,2,2),(6,2,1,0,38,1,0),(6,2,1,0,39,5,7),(6,2,1,7,13,1,0),(6,2,1,7,24,1,0),(6,2,1,10,24,1,0),(6,2,1,13,6,1,0),(6,2,2,0,1,4,0),(6,2,2,0,3,2,0),(6,2,2,0,4,1,2),(6,2,2,0,5,2,2),(6,2,2,0,6,4,1),(6,2,2,0,8,1,0),(6,2,2,0,10,1,2),(6,2,2,0,13,9,5),(6,2,2,0,14,2,6),(6,2,2,0,15,1,1),(6,2,2,0,17,1,3),(6,2,2,0,18,1,0),(6,2,2,0,19,2,4),(6,2,2,0,23,1,2),(6,2,2,0,24,1,0),(6,2,2,0,25,1,1),(6,2,2,0,27,1,1),(6,2,2,0,30,3,3),(6,2,2,0,31,1,2),(6,2,2,0,35,2,2),(6,2,2,0,39,2,3),(6,2,2,6,25,1,1),(6,2,2,7,5,1,1),(6,2,2,7,25,1,1),(6,2,2,8,25,1,1),(6,3,1,0,1,47,6),(6,3,1,0,2,15,30),(6,3,1,0,3,80,21),(6,3,1,0,4,11,23),(6,3,1,0,5,15,22),(6,3,1,0,6,45,11),(6,3,1,0,7,12,4),(6,3,1,0,8,84,34),(6,3,1,0,9,2,3),(6,3,1,0,10,16,36),(6,3,1,0,12,1,1),(6,3,1,0,13,42,27),(6,3,1,0,14,9,27),(6,3,1,0,15,11,11),(6,3,1,0,16,24,21),(6,3,1,0,17,9,30),(6,3,1,0,18,22,12),(6,3,1,0,19,9,20),(6,3,1,0,20,8,20),(6,3,1,0,22,9,19),(6,3,1,0,23,12,29),(6,3,1,0,24,25,11),(6,3,1,0,25,14,25),(6,3,1,0,26,1,1),(6,3,1,0,27,23,28),(6,3,1,0,29,15,35),(6,3,1,0,30,23,26),(6,3,1,0,31,8,20),(6,3,1,0,32,12,22),(6,3,1,0,33,9,18),(6,3,1,0,34,44,13),(6,3,1,0,35,22,32),(6,3,1,0,36,19,35),(6,3,1,0,37,6,40),(6,3,1,0,38,60,21),(6,3,1,0,39,17,26),(6,3,1,1,16,1,0),(6,3,1,2,30,1,1),(6,3,1,6,13,1,0),(6,3,1,7,3,2,0),(6,3,1,7,6,1,0),(6,3,1,7,7,1,0),(6,3,1,7,13,4,2),(6,3,1,7,16,4,3),(6,3,1,7,17,1,3),(6,3,1,7,18,2,1),(6,3,1,7,19,1,2),(6,3,1,7,20,2,5),(6,3,1,7,21,1,2),(6,3,1,7,23,1,2),(6,3,1,7,24,2,0),(6,3,1,7,27,2,2),(6,3,1,7,38,2,0),(6,3,1,8,16,1,0),(6,3,1,9,1,1,0),(6,3,1,9,20,1,2),(6,3,1,12,13,2,1),(6,3,1,13,6,1,0),(6,3,1,13,38,1,0),(6,3,2,0,1,40,5),(6,3,2,0,2,14,28),(6,3,2,0,3,74,19),(6,3,2,0,4,7,15),(6,3,2,0,5,14,20),(6,3,2,0,6,47,12),(6,3,2,0,7,13,5),(6,3,2,0,8,87,35),(6,3,2,0,9,3,5),(6,3,2,0,10,9,20),(6,3,2,0,12,2,3),(6,3,2,0,13,44,28),(6,3,2,0,14,10,30),(6,3,2,0,15,16,17),(6,3,2,0,16,31,27),(6,3,2,0,17,7,23),(6,3,2,0,18,34,18),(6,3,2,0,19,9,20),(6,3,2,0,20,11,27),(6,3,2,0,21,1,2),(6,3,2,0,22,5,10),(6,3,2,0,23,3,7),(6,3,2,0,24,28,12),(6,3,2,0,25,11,19),(6,3,2,0,26,1,1),(6,3,2,0,27,13,15),(6,3,2,0,29,13,30),(6,3,2,0,30,23,26),(6,3,2,0,31,13,33),(6,3,2,0,32,18,33),(6,3,2,0,33,4,8),(6,3,2,0,34,31,9),(6,3,2,0,35,12,17),(6,3,2,0,36,19,35),(6,3,2,0,37,5,33),(6,3,2,0,38,61,22),(6,3,2,0,39,14,21),(6,3,2,4,3,1,0),(6,3,2,6,1,1,0),(6,3,2,6,19,1,2),(6,3,2,7,1,1,0),(6,3,2,7,3,1,0),(6,3,2,7,13,4,2),(6,3,2,7,16,1,0),(6,3,2,7,29,1,2),(6,3,2,7,38,1,0),(6,3,2,8,1,1,0),(6,3,2,9,13,1,0),(6,3,2,12,1,1,0),(6,3,2,13,3,2,0),(6,3,2,13,14,1,3),(6,3,2,13,38,2,0),(6,4,1,0,1,3,0),(6,4,1,0,2,1,2),(6,4,1,0,5,1,1),(6,4,1,0,8,2,0),(6,4,1,0,30,1,1),(6,4,2,0,1,1,0),(6,4,2,0,2,2,4),(6,4,2,0,6,1,0),(6,4,2,0,7,1,0),(6,4,2,0,13,1,0),(6,4,2,0,18,1,0),(6,4,2,0,24,1,0),(6,4,2,0,25,1,1),(6,4,2,0,36,1,1),(6,5,1,0,23,1,2),(6,5,1,0,27,1,1),(6,5,1,0,34,1,0),(6,5,2,0,6,1,0),(6,5,2,0,19,2,4),(6,5,2,0,21,3,8),(6,5,2,0,28,2,100),(6,5,2,0,31,1,2),(6,5,2,0,39,1,1),(7,0,1,0,217,13,3),(7,0,1,0,220,61,30),(7,0,1,0,221,1,0),(7,0,1,0,225,145,26),(7,0,1,0,230,13,10),(7,0,1,0,232,57,17),(7,0,1,0,233,12,4),(7,0,1,0,234,6,8),(7,0,1,0,235,13,23),(7,0,1,0,236,43,49),(7,0,1,0,238,10,43),(7,0,1,0,239,2,1),(7,0,1,0,243,1,2),(7,0,1,7,225,3,0),(7,0,1,12,230,1,0),(7,0,2,0,217,9,2),(7,0,2,0,218,1,20),(7,0,2,0,219,2,6),(7,0,2,0,220,60,29),(7,0,2,0,225,151,27),(7,0,2,0,230,19,14),(7,0,2,0,232,64,19),(7,0,2,0,233,11,4),(7,0,2,0,234,7,10),(7,0,2,0,235,21,37),(7,0,2,0,236,40,45),(7,0,2,0,238,8,34),(7,0,2,6,225,1,0),(7,0,2,7,217,2,0),(7,0,2,7,225,1,0),(7,0,2,8,225,1,0),(7,1,1,0,217,28,7),(7,1,1,0,218,1,20),(7,1,1,0,219,7,23),(7,1,1,0,220,7,3),(7,1,1,0,221,17,12),(7,1,1,0,222,3,8),(7,1,1,0,223,3,23),(7,1,1,0,224,3,12),(7,1,1,0,225,45,8),(7,1,1,0,227,3,15),(7,1,1,0,228,13,7),(7,1,1,0,229,1,1),(7,1,1,0,230,2,1),(7,1,1,0,231,22,12),(7,1,1,0,232,52,15),(7,1,1,0,233,15,5),(7,1,1,0,234,6,8),(7,1,1,0,235,1,1),(7,1,1,0,236,2,2),(7,1,1,0,237,28,9),(7,1,1,0,239,27,16),(7,1,1,0,240,19,10),(7,1,1,0,241,22,12),(7,1,1,0,242,23,7),(7,1,1,0,243,3,8),(7,1,1,7,223,1,7),(7,1,1,7,225,1,0),(7,1,1,7,228,2,1),(7,1,1,7,231,1,0),(7,1,1,9,240,1,0),(7,1,2,0,217,37,9),(7,1,2,0,218,1,20),(7,1,2,0,219,2,6),(7,1,2,0,220,10,4),(7,1,2,0,221,24,17),(7,1,2,0,222,1,2),(7,1,2,0,224,6,24),(7,1,2,0,225,49,8),(7,1,2,0,226,2,11),(7,1,2,0,227,1,5),(7,1,2,0,228,18,10),(7,1,2,0,229,10,14),(7,1,2,0,230,5,3),(7,1,2,0,231,15,8),(7,1,2,0,232,48,14),(7,1,2,0,233,21,7),(7,1,2,0,234,8,11),(7,1,2,0,235,2,3),(7,1,2,0,237,48,15),(7,1,2,0,239,23,14),(7,1,2,0,240,21,11),(7,1,2,0,241,20,11),(7,1,2,0,242,26,8),(7,1,2,0,243,3,8),(7,1,2,7,217,1,0),(7,1,2,7,237,1,0),(7,2,1,0,217,21,5),(7,2,1,0,219,2,6),(7,2,1,0,220,2,0),(7,2,1,0,221,3,2),(7,2,1,0,222,1,2),(7,2,1,0,223,1,7),(7,2,1,0,226,1,5),(7,2,1,0,228,5,2),(7,2,1,0,229,7,10),(7,2,1,0,230,4,3),(7,2,1,0,231,5,2),(7,2,1,0,232,4,1),(7,2,1,0,233,2,0),(7,2,1,0,234,1,1),(7,2,1,0,237,5,1),(7,2,1,0,239,3,1),(7,2,1,0,240,6,3),(7,2,1,0,241,2,1),(7,2,1,0,242,5,1),(7,2,1,0,243,1,2),(7,2,1,6,217,1,0),(7,2,1,7,228,1,0),(7,2,1,12,217,1,0),(7,2,2,0,217,15,3),(7,2,2,0,220,1,0),(7,2,2,0,221,1,0),(7,2,2,0,223,1,7),(7,2,2,0,225,7,1),(7,2,2,0,226,1,5),(7,2,2,0,227,1,5),(7,2,2,0,228,2,1),(7,2,2,0,229,5,7),(7,2,2,0,230,3,2),(7,2,2,0,231,2,1),(7,2,2,0,233,3,1),(7,2,2,0,237,5,1),(7,2,2,0,239,1,0),(7,2,2,0,240,5,2),(7,2,2,0,241,5,2),(7,2,2,0,242,8,2),(7,2,2,0,243,2,5),(7,2,2,6,231,1,0),(7,3,1,0,217,134,34),(7,3,1,0,218,2,40),(7,3,1,0,219,7,23),(7,3,1,0,220,23,11),(7,3,1,0,221,42,30),(7,3,1,0,222,12,34),(7,3,1,0,223,5,38),(7,3,1,0,224,7,28),(7,3,1,0,225,66,11),(7,3,1,0,226,6,33),(7,3,1,0,227,7,35),(7,3,1,0,228,61,36),(7,3,1,0,229,23,33),(7,3,1,0,230,46,35),(7,3,1,0,231,56,32),(7,3,1,0,232,51,15),(7,3,1,0,233,81,30),(7,3,1,0,234,21,31),(7,3,1,0,235,7,12),(7,3,1,0,236,1,1),(7,3,1,0,237,100,32),(7,3,1,0,238,3,13),(7,3,1,0,239,52,31),(7,3,1,0,240,75,40),(7,3,1,0,241,74,42),(7,3,1,0,242,124,39),(7,3,1,0,243,10,28),(7,3,1,2,219,1,3),(7,3,1,2,242,1,0),(7,3,1,6,217,1,0),(7,3,1,7,217,3,0),(7,3,1,7,220,1,0),(7,3,1,7,228,2,1),(7,3,1,7,230,1,0),(7,3,1,7,231,1,0),(7,3,1,7,233,1,0),(7,3,1,7,237,1,0),(7,3,1,7,240,1,0),(7,3,1,7,243,1,2),(7,3,1,8,217,1,0),(7,3,1,10,221,2,1),(7,3,1,12,228,1,0),(7,3,2,0,217,116,29),(7,3,2,0,219,9,30),(7,3,2,0,220,38,18),(7,3,2,0,221,45,32),(7,3,2,0,222,17,48),(7,3,2,0,223,2,15),(7,3,2,0,224,9,36),(7,3,2,0,225,67,12),(7,3,2,0,226,8,44),(7,3,2,0,227,8,40),(7,3,2,0,228,61,36),(7,3,2,0,229,22,32),(7,3,2,0,230,34,26),(7,3,2,0,231,67,39),(7,3,2,0,232,47,14),(7,3,2,0,233,122,45),(7,3,2,0,234,18,26),(7,3,2,0,235,12,21),(7,3,2,0,236,1,1),(7,3,2,0,237,119,38),(7,3,2,0,238,2,8),(7,3,2,0,239,55,33),(7,3,2,0,240,54,29),(7,3,2,0,241,53,30),(7,3,2,0,242,121,38),(7,3,2,0,243,14,40),(7,3,2,2,217,1,0),(7,3,2,2,222,1,2),(7,3,2,6,240,2,1),(7,3,2,7,217,2,0),(7,3,2,7,221,3,2),(7,3,2,7,228,1,0),(7,3,2,7,233,1,0),(7,3,2,7,242,1,0),(7,3,2,8,217,1,0),(7,4,1,0,225,7,1),(7,4,1,0,232,1,0),(7,4,1,0,242,3,0),(7,4,2,0,217,1,0),(7,4,2,0,225,7,1),(7,4,2,0,230,1,0),(7,4,2,0,232,3,0),(7,4,2,0,233,1,0),(7,4,2,0,237,1,0),(7,4,2,0,242,1,0),(7,5,1,0,240,1,0),(7,5,2,0,231,1,0),(8,0,1,0,251,4,13),(8,0,1,0,252,1,3),(8,0,1,0,253,3,2),(8,0,1,0,254,4,2),(8,0,1,0,255,5,9),(8,0,1,0,256,58,10),(8,0,1,0,257,2,8),(8,0,1,0,258,1,4),(8,0,1,0,260,6,27),(8,0,1,0,261,438,35),(8,0,1,0,263,9,24),(8,0,1,0,264,29,8),(8,0,1,0,265,36,9),(8,0,1,0,266,1,6),(8,0,1,0,267,13,12),(8,0,1,0,268,5,6),(8,0,1,0,269,20,18),(8,0,1,0,270,17,6),(8,0,1,0,271,43,11),(8,0,1,0,272,1,5),(8,0,1,0,273,16,13),(8,0,1,0,274,14,9),(8,0,1,0,275,54,47),(8,0,1,0,276,3,5),(8,0,1,0,277,3,5),(8,0,1,0,279,128,16),(8,0,1,0,280,7,11),(8,0,1,0,282,3,10),(8,0,1,0,283,1,0),(8,0,1,0,285,23,20),(8,0,1,0,287,35,10),(8,0,1,2,285,1,0),(8,0,1,4,261,3,0),(8,0,1,6,278,6,6),(8,0,1,7,273,1,0),(8,0,1,7,278,7,7),(8,0,1,7,279,4,0),(8,0,1,8,278,2,2),(8,0,1,9,261,1,0),(8,0,1,9,278,4,4),(8,0,1,9,279,4,0),(8,0,1,13,271,1,0),(8,0,2,0,251,3,10),(8,0,2,0,253,1,0),(8,0,2,0,254,7,5),(8,0,2,0,255,3,5),(8,0,2,0,256,43,7),(8,0,2,0,257,2,8),(8,0,2,0,260,10,45),(8,0,2,0,261,352,28),(8,0,2,0,262,2,10),(8,0,2,0,263,6,16),(8,0,2,0,264,23,6),(8,0,2,0,265,25,6),(8,0,2,0,266,9,60),(8,0,2,0,267,9,8),(8,0,2,0,268,7,8),(8,0,2,0,269,10,9),(8,0,2,0,270,10,3),(8,0,2,0,271,21,5),(8,0,2,0,273,26,21),(8,0,2,0,274,21,14),(8,0,2,0,275,51,44),(8,0,2,0,276,3,5),(8,0,2,0,277,6,11),(8,0,2,0,279,112,14),(8,0,2,0,280,8,12),(8,0,2,0,282,7,25),(8,0,2,0,285,20,17),(8,0,2,0,286,1,1),(8,0,2,0,287,25,7),(8,0,2,3,279,4,0),(8,0,2,6,260,1,4),(8,0,2,6,278,6,6),(8,0,2,7,251,1,3),(8,0,2,7,260,1,4),(8,0,2,7,261,1,0),(8,0,2,7,271,1,0),(8,0,2,7,278,9,10),(8,0,2,8,260,1,4),(8,0,2,8,278,5,5),(8,0,2,9,278,1,1),(8,1,1,0,251,12,41),(8,1,1,0,252,11,39),(8,1,1,0,253,61,54),(8,1,1,0,254,62,45),(8,1,1,0,255,25,48),(8,1,1,0,256,200,35),(8,1,1,0,257,10,40),(8,1,1,0,258,13,52),(8,1,1,0,259,58,31),(8,1,1,0,260,2,9),(8,1,1,0,261,215,17),(8,1,1,0,262,10,50),(8,1,1,0,263,11,29),(8,1,1,0,264,132,37),(8,1,1,0,265,123,33),(8,1,1,0,266,4,26),(8,1,1,0,267,50,47),(8,1,1,0,268,31,39),(8,1,1,0,269,35,32),(8,1,1,0,270,109,40),(8,1,1,0,271,156,41),(8,1,1,0,272,7,41),(8,1,1,0,273,27,22),(8,1,1,0,274,40,28),(8,1,1,0,275,4,3),(8,1,1,0,276,24,40),(8,1,1,0,277,20,37),(8,1,1,0,279,186,24),(8,1,1,0,280,18,28),(8,1,1,0,281,30,50),(8,1,1,0,282,6,21),(8,1,1,0,283,53,48),(8,1,1,0,284,33,49),(8,1,1,0,285,23,20),(8,1,1,0,286,31,41),(8,1,1,0,287,136,40),(8,1,1,1,278,1,1),(8,1,1,2,256,1,0),(8,1,1,2,265,1,0),(8,1,1,3,274,1,0),(8,1,1,4,270,1,0),(8,1,1,4,278,1,1),(8,1,1,6,259,1,0),(8,1,1,6,270,1,0),(8,1,1,6,273,1,0),(8,1,1,6,276,1,1),(8,1,1,6,277,1,1),(8,1,1,6,278,8,8),(8,1,1,6,286,1,1),(8,1,1,7,256,5,0),(8,1,1,7,259,1,0),(8,1,1,7,264,1,0),(8,1,1,7,265,1,0),(8,1,1,7,273,1,0),(8,1,1,7,274,1,0),(8,1,1,7,278,8,8),(8,1,1,7,279,5,0),(8,1,1,7,280,1,1),(8,1,1,8,265,1,0),(8,1,1,8,278,5,5),(8,1,1,9,256,1,0),(8,1,1,9,264,1,0),(8,1,1,9,265,1,0),(8,1,1,9,267,1,0),(8,1,1,9,278,1,1),(8,1,1,10,256,1,0),(8,1,1,10,271,2,0),(8,1,1,12,278,1,1),(8,1,2,0,251,6,20),(8,1,2,0,252,13,46),(8,1,2,0,253,41,36),(8,1,2,0,254,61,45),(8,1,2,0,255,17,32),(8,1,2,0,256,209,36),(8,1,2,0,257,11,44),(8,1,2,0,258,10,40),(8,1,2,0,259,50,27),(8,1,2,0,261,197,15),(8,1,2,0,262,6,30),(8,1,2,0,263,10,27),(8,1,2,0,264,157,44),(8,1,2,0,265,159,43),(8,1,2,0,266,1,6),(8,1,2,0,267,28,26),(8,1,2,0,268,34,43),(8,1,2,0,269,36,33),(8,1,2,0,270,122,45),(8,1,2,0,271,125,32),(8,1,2,0,272,9,52),(8,1,2,0,273,29,23),(8,1,2,0,274,43,30),(8,1,2,0,275,4,3),(8,1,2,0,276,24,40),(8,1,2,0,277,21,39),(8,1,2,0,279,207,26),(8,1,2,0,280,27,42),(8,1,2,0,281,29,48),(8,1,2,0,282,10,35),(8,1,2,0,283,50,45),(8,1,2,0,284,29,43),(8,1,2,0,285,29,25),(8,1,2,0,286,37,50),(8,1,2,0,287,109,32),(8,1,2,2,256,1,0),(8,1,2,2,261,1,0),(8,1,2,2,278,1,1),(8,1,2,4,256,1,0),(8,1,2,4,261,6,0),(8,1,2,4,278,1,1),(8,1,2,6,264,1,0),(8,1,2,6,265,1,0),(8,1,2,6,278,4,4),(8,1,2,6,279,8,1),(8,1,2,6,281,1,1),(8,1,2,7,256,3,0),(8,1,2,7,264,1,0),(8,1,2,7,265,1,0),(8,1,2,7,278,8,8),(8,1,2,7,279,4,0),(8,1,2,8,256,1,0),(8,1,2,8,264,1,0),(8,1,2,8,265,1,0),(8,1,2,8,278,5,5),(8,1,2,8,279,4,0),(8,1,2,9,278,1,1),(8,2,1,0,251,1,3),(8,2,1,0,253,2,1),(8,2,1,0,259,1,0),(8,2,1,0,261,6,0),(8,2,1,0,264,1,0),(8,2,1,0,265,1,0),(8,2,1,0,267,2,1),(8,2,1,0,268,1,1),(8,2,1,0,271,1,0),(8,2,1,0,274,2,1),(8,2,1,0,276,1,1),(8,2,1,0,279,14,1),(8,2,1,0,280,1,1),(8,2,1,0,283,1,0),(8,2,1,0,287,2,0),(8,2,1,7,279,4,0),(8,2,1,9,265,1,0),(8,2,2,0,252,2,7),(8,2,2,0,256,2,0),(8,2,2,0,259,2,1),(8,2,2,0,261,4,0),(8,2,2,0,265,4,1),(8,2,2,0,267,1,0),(8,2,2,0,269,2,1),(8,2,2,0,271,1,0),(8,2,2,0,274,2,1),(8,2,2,0,279,14,1),(8,2,2,6,273,1,0),(8,2,2,7,256,1,0),(8,2,2,7,273,1,0),(8,2,2,8,273,1,0),(8,3,1,0,251,1,3),(8,3,1,0,253,2,1),(8,3,1,0,254,1,0),(8,3,1,0,255,2,3),(8,3,1,0,256,22,3),(8,3,1,0,259,35,19),(8,3,1,0,261,10,0),(8,3,1,0,262,2,10),(8,3,1,0,264,1,0),(8,3,1,0,265,3,0),(8,3,1,0,269,1,0),(8,3,1,0,270,4,1),(8,3,1,0,271,17,4),(8,3,1,0,273,7,5),(8,3,1,0,274,7,4),(8,3,1,0,275,1,0),(8,3,1,0,276,3,5),(8,3,1,0,277,2,3),(8,3,1,0,279,35,4),(8,3,1,0,280,1,1),(8,3,1,0,283,4,3),(8,3,1,0,284,4,5),(8,3,1,0,285,9,7),(8,3,1,0,286,1,1),(8,3,1,0,287,15,4),(8,3,1,2,273,2,1),(8,3,1,6,278,1,1),(8,3,1,6,279,4,0),(8,3,1,7,278,2,2),(8,3,1,7,279,1,0),(8,3,1,7,285,1,0),(8,3,1,8,278,1,1),(8,3,1,9,285,1,0),(8,3,1,12,273,1,0),(8,3,2,0,251,1,3),(8,3,2,0,252,1,3),(8,3,2,0,253,1,0),(8,3,2,0,256,15,2),(8,3,2,0,258,1,4),(8,3,2,0,259,34,18),(8,3,2,0,260,1,4),(8,3,2,0,261,10,0),(8,3,2,0,263,1,2),(8,3,2,0,264,4,1),(8,3,2,0,265,7,1),(8,3,2,0,267,1,0),(8,3,2,0,269,5,4),(8,3,2,0,270,6,2),(8,3,2,0,271,11,2),(8,3,2,0,273,8,6),(8,3,2,0,274,10,7),(8,3,2,0,279,30,3),(8,3,2,0,282,2,7),(8,3,2,0,283,1,0),(8,3,2,0,284,1,1),(8,3,2,0,285,8,6),(8,3,2,0,286,3,4),(8,3,2,0,287,13,3),(8,3,2,3,271,1,0),(8,3,2,6,278,1,1),(8,3,2,7,256,1,0),(8,3,2,7,259,1,0),(8,4,1,0,287,1,0),(8,4,2,0,287,1,0),(8,5,1,0,256,1,0),(8,5,1,0,279,1,0),(8,5,2,0,256,1,0),(8,5,2,0,259,1,0),(9,0,1,0,245,20,9),(9,0,1,0,246,27,5),(9,0,1,0,247,2,33),(9,0,1,0,249,3,7),(9,0,1,0,250,35,47),(9,0,2,0,245,23,11),(9,0,2,0,246,26,5),(9,0,2,0,247,2,33),(9,0,2,0,249,1,2),(9,0,2,0,250,36,48),(9,1,1,0,244,1,11),(9,1,1,0,245,71,34),(9,1,1,0,246,211,41),(9,1,1,0,247,1,16),(9,1,1,0,248,3,42),(9,1,1,0,249,16,39),(9,1,1,0,250,1,1),(9,1,1,13,245,1,0),(9,1,2,0,244,6,66),(9,1,2,0,245,76,36),(9,1,2,0,246,205,40),(9,1,2,0,247,1,16),(9,1,2,0,248,4,57),(9,1,2,0,249,17,41),(9,1,2,0,250,2,2),(9,1,2,6,245,1,0),(9,1,2,7,245,1,0),(9,1,2,7,246,1,0),(9,2,2,0,246,2,0),(9,3,1,0,244,2,22),(9,3,1,0,245,3,1),(9,3,1,0,246,12,2),(9,3,1,0,249,2,4),(9,3,1,9,249,1,2),(9,3,2,0,245,3,1),(9,3,2,0,246,8,1),(9,3,2,0,249,1,2),(9,4,1,0,245,1,0),(9,4,1,0,246,9,1),(9,4,1,7,245,1,0),(9,4,2,0,245,5,2),(9,4,2,0,246,7,1),(9,5,2,0,246,1,0),(10,0,1,0,288,39,29),(10,0,1,0,291,1,5),(10,0,1,0,292,34,43),(10,0,1,0,293,11,26),(10,0,1,0,294,4,30),(10,0,1,0,295,3,1),(10,0,1,0,296,21,8),(10,0,1,0,298,7,16),(10,0,1,0,299,43,17),(10,0,1,0,300,103,33),(10,0,1,0,302,13,11),(10,0,1,0,303,20,11),(10,0,1,0,304,3,23),(10,0,1,0,305,13,16),(10,0,1,0,306,4,9),(10,0,1,0,307,226,34),(10,0,1,0,308,17,17),(10,0,1,0,309,1,1),(10,0,1,0,310,1,6),(10,0,1,0,312,3,6),(10,0,1,0,313,11,21),(10,0,1,0,314,2,25),(10,0,1,0,315,7,2),(10,0,1,0,319,7,10),(10,0,1,0,320,2,0),(10,0,1,0,321,117,22),(10,0,1,0,322,1,5),(10,0,1,0,323,109,24),(10,0,1,0,324,6,9),(10,0,1,0,325,2,0),(10,0,1,0,327,1,5),(10,0,1,0,328,107,22),(10,0,1,0,329,32,9),(10,0,1,0,330,24,25),(10,0,1,0,332,4,28),(10,0,1,0,333,8,4),(10,0,1,0,335,7,28),(10,0,1,0,336,3,1),(10,0,1,0,337,63,26),(10,0,1,0,338,8,8),(10,0,1,0,339,14,7),(10,0,1,0,341,164,12),(10,0,1,0,342,75,18),(10,0,1,0,343,24,14),(10,0,1,0,344,18,18),(10,0,1,0,346,18,23),(10,0,1,0,347,1,1),(10,0,1,0,348,42,21),(10,0,1,0,349,18,3),(10,0,1,0,350,72,24),(10,0,1,0,351,22,22),(10,0,1,0,357,1,0),(10,0,1,0,358,1,0),(10,0,1,0,359,7,17),(10,0,1,0,360,13,7),(10,0,1,0,361,92,15),(10,0,1,0,362,2,0),(10,0,1,0,364,69,27),(10,0,1,0,367,4,1),(10,0,1,0,368,3,16),(10,0,1,0,369,8,20),(10,0,1,0,370,4,19),(10,0,1,0,371,168,26),(10,0,1,0,372,9,22),(10,0,1,0,373,580,25),(10,0,1,0,375,6,40),(10,0,1,0,376,121,17),(10,0,1,0,377,93,24),(10,0,1,0,378,7,1),(10,0,1,0,379,37,17),(10,0,1,0,380,60,31),(10,0,1,0,381,17,14),(10,0,1,0,382,6,35),(10,0,1,0,383,97,23),(10,0,1,0,384,40,48),(10,0,1,0,386,17,15),(10,0,1,0,387,89,41),(10,0,1,0,388,2,6),(10,0,1,0,389,67,50),(10,0,1,0,390,4,8),(10,0,1,0,391,13,3),(10,0,1,0,392,18,27),(10,0,1,0,393,6,1),(10,0,1,0,394,52,22),(10,0,1,0,395,6,2),(10,0,1,0,396,2,2),(10,0,1,0,397,6,11),(10,0,1,0,400,33,9),(10,0,1,0,402,5,2),(10,0,1,0,403,1,1),(10,0,1,0,404,136,25),(10,0,1,0,406,96,25),(10,0,1,0,409,8,40),(10,0,1,0,410,1,5),(10,0,1,0,411,2,5),(10,0,1,0,412,2,6),(10,0,1,0,413,4,18),(10,0,1,0,414,12,27),(10,0,1,0,415,36,59),(10,0,1,0,416,20,24),(10,0,1,0,417,3,8),(10,0,1,0,418,4,20),(10,0,1,0,419,4,36),(10,0,1,0,420,40,29),(10,0,1,0,421,35,44),(10,0,1,0,422,5,1),(10,0,1,0,423,29,15),(10,0,1,0,424,2,2),(10,0,1,0,425,85,19),(10,0,1,0,426,4,2),(10,0,1,0,427,4,22),(10,0,1,0,428,2,2),(10,0,1,0,429,58,10),(10,0,1,0,430,21,8),(10,0,1,0,431,4,1),(10,0,1,0,432,6,2),(10,0,1,0,433,40,32),(10,0,1,0,435,101,85),(10,0,1,0,436,44,30),(10,0,1,0,437,13,27),(10,0,1,0,438,78,36),(10,0,1,0,440,88,20),(10,0,1,0,441,24,10),(10,0,1,0,443,4,1),(10,0,1,0,444,2,10),(10,0,1,0,445,2,6),(10,0,1,0,446,4,7),(10,0,1,0,449,12,50),(10,0,1,0,452,11,31),(10,0,1,0,453,11,17),(10,0,1,0,454,51,33),(10,0,1,0,455,2,5),(10,0,1,0,459,52,50),(10,0,1,0,461,4,6),(10,0,1,0,462,189,19),(10,0,1,0,463,119,32),(10,0,1,0,464,5,7),(10,0,1,0,466,13,30),(10,0,1,0,468,1,1),(10,0,1,2,330,1,1),(10,0,1,2,342,9,2),(10,0,1,2,350,1,0),(10,0,1,2,373,1,0),(10,0,1,2,387,1,0),(10,0,1,2,433,2,1),(10,0,1,2,438,1,0),(10,0,1,2,462,1,0),(10,0,1,2,463,1,0),(10,0,1,4,323,1,0),(10,0,1,4,348,1,0),(10,0,1,4,350,1,0),(10,0,1,4,383,1,0),(10,0,1,4,410,1,5),(10,0,1,6,315,1,0),(10,0,1,6,343,1,0),(10,0,1,6,387,4,1),(10,0,1,6,397,1,1),(10,0,1,6,404,2,0),(10,0,1,6,429,2,0),(10,0,1,6,433,1,0),(10,0,1,6,439,1,6),(10,0,1,6,452,1,2),(10,0,1,6,462,1,0),(10,0,1,7,296,2,0),(10,0,1,7,299,2,0),(10,0,1,7,300,4,1),(10,0,1,7,305,1,1),(10,0,1,7,307,1,0),(10,0,1,7,312,2,4),(10,0,1,7,323,2,0),(10,0,1,7,330,1,1),(10,0,1,7,337,7,2),(10,0,1,7,339,4,2),(10,0,1,7,342,9,2),(10,0,1,7,348,3,1),(10,0,1,7,349,1,0),(10,0,1,7,350,1,0),(10,0,1,7,369,1,2),(10,0,1,7,373,1,0),(10,0,1,7,376,1,0),(10,0,1,7,380,1,0),(10,0,1,7,383,1,0),(10,0,1,7,384,1,1),(10,0,1,7,386,3,2),(10,0,1,7,387,5,2),(10,0,1,7,389,3,2),(10,0,1,7,392,1,1),(10,0,1,7,393,2,0),(10,0,1,7,397,1,1),(10,0,1,7,404,1,0),(10,0,1,7,406,1,0),(10,0,1,7,411,1,2),(10,0,1,7,414,1,2),(10,0,1,7,421,2,2),(10,0,1,7,423,5,2),(10,0,1,7,429,2,0),(10,0,1,7,430,1,0),(10,0,1,7,432,2,0),(10,0,1,7,433,4,3),(10,0,1,7,438,18,8),(10,0,1,7,439,8,53),(10,0,1,7,440,1,0),(10,0,1,7,448,12,24),(10,0,1,7,452,1,2),(10,0,1,7,459,1,0),(10,0,1,7,462,13,1),(10,0,1,7,463,1,0),(10,0,1,8,330,1,1),(10,0,1,8,383,1,0),(10,0,1,8,404,1,0),(10,0,1,8,433,1,0),(10,0,1,8,438,1,0),(10,0,1,8,439,1,6),(10,0,1,8,452,1,2),(10,0,1,8,462,1,0),(10,0,1,8,463,1,0),(10,0,1,9,296,2,0),(10,0,1,9,300,1,0),(10,0,1,9,307,1,0),(10,0,1,9,371,2,0),(10,0,1,9,383,1,0),(10,0,1,9,397,1,1),(10,0,1,9,420,1,0),(10,0,1,9,454,1,0),(10,0,1,10,302,1,0),(10,0,1,10,307,1,0),(10,0,1,10,371,1,0),(10,0,1,10,384,1,1),(10,0,1,10,420,1,0),(10,0,1,12,299,2,0),(10,0,1,12,323,1,0),(10,0,1,12,367,4,1),(10,0,1,13,406,1,0),(10,0,1,13,423,1,0),(10,0,2,0,288,1,0),(10,0,2,0,292,38,48),(10,0,2,0,293,6,14),(10,0,2,0,294,1,7),(10,0,2,0,295,6,3),(10,0,2,0,296,17,6),(10,0,2,0,298,3,7),(10,0,2,0,299,43,17),(10,0,2,0,300,84,27),(10,0,2,0,302,16,13),(10,0,2,0,303,13,7),(10,0,2,0,305,10,12),(10,0,2,0,306,4,9),(10,0,2,0,307,189,28),(10,0,2,0,308,22,23),(10,0,2,0,309,1,1),(10,0,2,0,311,1,4),(10,0,2,0,312,4,8),(10,0,2,0,313,8,15),(10,0,2,0,315,9,2),(10,0,2,0,317,1,16),(10,0,2,0,319,4,5),(10,0,2,0,321,139,27),(10,0,2,0,322,1,5),(10,0,2,0,323,113,25),(10,0,2,0,324,5,8),(10,0,2,0,325,6,2),(10,0,2,0,326,1,7),(10,0,2,0,327,3,15),(10,0,2,0,328,119,25),(10,0,2,0,329,52,14),(10,0,2,0,330,19,20),(10,0,2,0,332,8,57),(10,0,2,0,333,4,2),(10,0,2,0,334,1,2),(10,0,2,0,335,14,56),(10,0,2,0,336,3,1),(10,0,2,0,337,67,28),(10,0,2,0,338,8,8),(10,0,2,0,339,17,8),(10,0,2,0,340,1,6),(10,0,2,0,341,120,9),(10,0,2,0,342,50,12),(10,0,2,0,343,15,8),(10,0,2,0,344,13,13),(10,0,2,0,346,9,11),(10,0,2,0,347,3,3),(10,0,2,0,348,48,24),(10,0,2,0,349,12,2),(10,0,2,0,350,69,23),(10,0,2,0,351,18,18),(10,0,2,0,358,1,0),(10,0,2,0,359,10,25),(10,0,2,0,360,9,5),(10,0,2,0,361,65,11),(10,0,2,0,362,5,1),(10,0,2,0,363,3,6),(10,0,2,0,364,79,30),(10,0,2,0,367,6,2),(10,0,2,0,368,3,16),(10,0,2,0,369,7,17),(10,0,2,0,370,4,19),(10,0,2,0,371,171,26),(10,0,2,0,372,12,30),(10,0,2,0,373,537,23),(10,0,2,0,375,6,40),(10,0,2,0,376,96,13),(10,0,2,0,377,119,31),(10,0,2,0,378,7,1),(10,0,2,0,379,36,16),(10,0,2,0,380,34,17),(10,0,2,0,381,18,15),(10,0,2,0,382,6,35),(10,0,2,0,383,94,22),(10,0,2,0,384,38,46),(10,0,2,0,386,22,20),(10,0,2,0,387,79,36),(10,0,2,0,388,1,3),(10,0,2,0,389,52,38),(10,0,2,0,390,2,4),(10,0,2,0,391,13,3),(10,0,2,0,392,13,19),(10,0,2,0,393,12,3),(10,0,2,0,394,42,18),(10,0,2,0,395,7,2),(10,0,2,0,397,8,14),(10,0,2,0,399,1,0),(10,0,2,0,400,27,7),(10,0,2,0,402,8,3),(10,0,2,0,403,1,1),(10,0,2,0,404,147,27),(10,0,2,0,406,107,28),(10,0,2,0,409,6,30),(10,0,2,0,410,15,88),(10,0,2,0,411,5,14),(10,0,2,0,413,1,4),(10,0,2,0,414,16,37),(10,0,2,0,415,25,40),(10,0,2,0,416,9,11),(10,0,2,0,417,11,32),(10,0,2,0,418,3,15),(10,0,2,0,419,5,45),(10,0,2,0,420,30,21),(10,0,2,0,421,26,32),(10,0,2,0,422,1,0),(10,0,2,0,423,25,13),(10,0,2,0,424,2,2),(10,0,2,0,425,75,17),(10,0,2,0,426,10,6),(10,0,2,0,427,7,38),(10,0,2,0,428,3,3),(10,0,2,0,429,59,10),(10,0,2,0,430,33,13),(10,0,2,0,431,2,0),(10,0,2,0,432,6,2),(10,0,2,0,433,41,33),(10,0,2,0,436,35,23),(10,0,2,0,437,17,36),(10,0,2,0,438,85,39),(10,0,2,0,440,65,14),(10,0,2,0,441,29,13),(10,0,2,0,443,2,0),(10,0,2,0,444,1,5),(10,0,2,0,445,21,65),(10,0,2,0,446,9,15),(10,0,2,0,449,12,50),(10,0,2,0,451,1,5),(10,0,2,0,452,6,17),(10,0,2,0,453,10,15),(10,0,2,0,454,42,27),(10,0,2,0,455,2,5),(10,0,2,0,459,42,40),(10,0,2,0,461,1,1),(10,0,2,0,462,156,16),(10,0,2,0,463,139,37),(10,0,2,0,464,6,8),(10,0,2,0,466,13,30),(10,0,2,0,467,2,10),(10,0,2,0,468,5,7),(10,0,2,1,432,1,0),(10,0,2,2,299,1,0),(10,0,2,2,351,1,1),(10,0,2,2,367,1,0),(10,0,2,2,433,3,2),(10,0,2,2,462,1,0),(10,0,2,4,300,1,0),(10,0,2,4,342,1,0),(10,0,2,6,292,1,1),(10,0,2,6,299,1,0),(10,0,2,6,302,1,0),(10,0,2,6,307,1,0),(10,0,2,6,324,1,1),(10,0,2,6,342,1,0),(10,0,2,6,343,2,1),(10,0,2,6,346,1,1),(10,0,2,6,364,1,0),(10,0,2,6,371,1,0),(10,0,2,6,394,1,0),(10,0,2,6,433,1,0),(10,0,2,6,440,1,0),(10,0,2,6,462,1,0),(10,0,2,7,299,2,0),(10,0,2,7,300,3,0),(10,0,2,7,302,1,0),(10,0,2,7,307,3,0),(10,0,2,7,308,1,1),(10,0,2,7,323,1,0),(10,0,2,7,331,1,4),(10,0,2,7,337,9,3),(10,0,2,7,341,14,1),(10,0,2,7,343,1,0),(10,0,2,7,346,1,1),(10,0,2,7,350,2,0),(10,0,2,7,351,2,2),(10,0,2,7,367,1,0),(10,0,2,7,369,1,2),(10,0,2,7,371,1,0),(10,0,2,7,372,2,5),(10,0,2,7,376,1,0),(10,0,2,7,379,3,1),(10,0,2,7,380,1,0),(10,0,2,7,384,1,1),(10,0,2,7,385,1,50),(10,0,2,7,386,3,2),(10,0,2,7,389,3,2),(10,0,2,7,394,1,0),(10,0,2,7,400,1,0),(10,0,2,7,421,2,2),(10,0,2,7,423,1,0),(10,0,2,7,425,1,0),(10,0,2,7,429,3,0),(10,0,2,7,430,1,0),(10,0,2,7,438,4,1),(10,0,2,7,439,3,20),(10,0,2,7,440,3,0),(10,0,2,7,441,2,0),(10,0,2,7,448,10,20),(10,0,2,7,453,1,1),(10,0,2,7,462,7,0),(10,0,2,8,302,1,0),(10,0,2,8,307,1,0),(10,0,2,8,342,1,0),(10,0,2,8,343,1,0),(10,0,2,8,346,1,1),(10,0,2,8,371,1,0),(10,0,2,8,394,1,0),(10,0,2,8,440,1,0),(10,0,2,8,462,1,0),(10,0,2,10,441,1,0),(10,0,2,12,384,1,1),(10,0,2,12,386,1,0),(10,1,1,0,288,58,43),(10,1,1,0,289,66,48),(10,1,1,0,290,6,46),(10,1,1,0,291,6,30),(10,1,1,0,292,4,5),(10,1,1,0,293,9,21),(10,1,1,0,294,5,38),(10,1,1,0,295,64,41),(10,1,1,0,296,72,29),(10,1,1,0,297,13,35),(10,1,1,0,298,7,16),(10,1,1,0,299,56,23),(10,1,1,0,300,37,11),(10,1,1,0,301,69,22),(10,1,1,0,302,25,21),(10,1,1,0,303,49,29),(10,1,1,0,304,5,38),(10,1,1,0,305,18,23),(10,1,1,0,306,17,39),(10,1,1,0,307,104,15),(10,1,1,0,308,23,24),(10,1,1,0,309,37,46),(10,1,1,0,310,5,33),(10,1,1,0,311,9,40),(10,1,1,0,312,9,18),(10,1,1,0,313,19,36),(10,1,1,0,314,1,12),(10,1,1,0,315,103,33),(10,1,1,0,316,9,37),(10,1,1,0,317,1,16),(10,1,1,0,318,14,77),(10,1,1,0,319,30,43),(10,1,1,0,320,304,39),(10,1,1,0,321,126,24),(10,1,1,0,322,9,50),(10,1,1,0,323,100,22),(10,1,1,0,324,14,22),(10,1,1,0,325,105,35),(10,1,1,0,326,7,53),(10,1,1,0,327,6,30),(10,1,1,0,328,97,20),(10,1,1,0,329,133,38),(10,1,1,0,330,12,12),(10,1,1,0,331,5,22),(10,1,1,0,332,1,7),(10,1,1,0,333,66,35),(10,1,1,0,334,13,35),(10,1,1,0,335,1,4),(10,1,1,0,336,105,60),(10,1,1,0,337,40,16),(10,1,1,0,338,41,45),(10,1,1,0,339,74,37),(10,1,1,0,340,5,33),(10,1,1,0,341,442,34),(10,1,1,0,342,101,24),(10,1,1,0,343,49,28),(10,1,1,0,344,34,35),(10,1,1,0,345,1,100),(10,1,1,0,346,25,32),(10,1,1,0,347,39,40),(10,1,1,0,348,27,13),(10,1,1,0,349,203,38),(10,1,1,0,350,74,24),(10,1,1,0,351,18,18),(10,1,1,0,352,57,40),(10,1,1,0,353,10,50),(10,1,1,0,354,17,45),(10,1,1,0,355,6,50),(10,1,1,0,356,20,28),(10,1,1,0,357,68,47),(10,1,1,0,358,62,32),(10,1,1,0,359,12,30),(10,1,1,0,360,73,42),(10,1,1,0,361,181,31),(10,1,1,0,362,118,45),(10,1,1,0,363,21,48),(10,1,1,0,364,38,14),(10,1,1,0,365,72,46),(10,1,1,0,366,51,41),(10,1,1,0,367,43,21),(10,1,1,0,368,4,22),(10,1,1,0,369,8,20),(10,1,1,0,370,6,28),(10,1,1,0,371,145,22),(10,1,1,0,372,8,20),(10,1,1,0,373,585,25),(10,1,1,0,375,2,13),(10,1,1,0,376,244,34),(10,1,1,0,377,68,17),(10,1,1,0,378,171,41),(10,1,1,0,379,38,17),(10,1,1,0,380,45,23),(10,1,1,0,381,34,29),(10,1,1,0,382,1,5),(10,1,1,0,383,92,21),(10,1,1,0,386,24,21),(10,1,1,0,387,14,6),(10,1,1,0,388,11,36),(10,1,1,0,389,5,3),(10,1,1,0,390,13,26),(10,1,1,0,391,147,43),(10,1,1,0,392,13,19),(10,1,1,0,393,118,38),(10,1,1,0,394,51,22),(10,1,1,0,395,87,33),(10,1,1,0,396,34,38),(10,1,1,0,397,19,35),(10,1,1,0,398,15,21),(10,1,1,0,399,71,51),(10,1,1,0,400,125,35),(10,1,1,0,401,1,11),(10,1,1,0,402,55,22),(10,1,1,0,403,8,11),(10,1,1,0,404,119,22),(10,1,1,0,405,505,42),(10,1,1,0,406,67,17),(10,1,1,0,407,9,52),(10,1,1,0,408,9,45),(10,1,1,0,409,2,10),(10,1,1,0,411,14,40),(10,1,1,0,412,1,3),(10,1,1,0,413,6,27),(10,1,1,0,414,5,11),(10,1,1,0,416,25,30),(10,1,1,0,417,11,32),(10,1,1,0,418,4,20),(10,1,1,0,419,1,9),(10,1,1,0,420,41,29),(10,1,1,0,421,7,8),(10,1,1,0,422,186,45),(10,1,1,0,423,48,25),(10,1,1,0,424,25,35),(10,1,1,0,425,113,26),(10,1,1,0,426,46,31),(10,1,1,0,427,1,5),(10,1,1,0,428,36,41),(10,1,1,0,429,131,24),(10,1,1,0,430,58,24),(10,1,1,0,431,62,30),(10,1,1,0,432,92,40),(10,1,1,0,433,10,8),(10,1,1,0,434,7,38),(10,1,1,0,435,12,10),(10,1,1,0,436,31,21),(10,1,1,0,437,10,21),(10,1,1,0,438,8,3),(10,1,1,0,440,116,26),(10,1,1,0,441,79,35),(10,1,1,0,442,10,45),(10,1,1,0,443,112,37),(10,1,1,0,444,3,15),(10,1,1,0,445,1,3),(10,1,1,0,446,11,19),(10,1,1,0,447,7,33),(10,1,1,0,450,4,30),(10,1,1,0,451,4,23),(10,1,1,0,452,6,17),(10,1,1,0,453,15,23),(10,1,1,0,454,26,16),(10,1,1,0,455,19,51),(10,1,1,0,456,7,46),(10,1,1,0,457,25,53),(10,1,1,0,458,13,23),(10,1,1,0,459,3,2),(10,1,1,0,460,16,30),(10,1,1,0,461,31,51),(10,1,1,0,462,212,21),(10,1,1,0,463,38,10),(10,1,1,0,464,27,39),(10,1,1,0,465,24,44),(10,1,1,0,466,8,19),(10,1,1,0,467,6,31),(10,1,1,0,468,31,49),(10,1,1,2,330,1,1),(10,1,1,2,337,1,0),(10,1,1,2,341,9,0),(10,1,1,2,343,1,0),(10,1,1,2,346,1,1),(10,1,1,2,387,1,0),(10,1,1,2,388,1,3),(10,1,1,2,392,1,1),(10,1,1,2,394,1,0),(10,1,1,2,402,1,0),(10,1,1,2,423,1,0),(10,1,1,2,426,1,0),(10,1,1,2,440,1,0),(10,1,1,2,441,1,0),(10,1,1,2,443,1,0),(10,1,1,2,462,1,0),(10,1,1,3,349,1,0),(10,1,1,4,306,1,2),(10,1,1,4,315,1,0),(10,1,1,4,321,1,0),(10,1,1,4,341,9,0),(10,1,1,4,357,1,0),(10,1,1,4,433,1,0),(10,1,1,6,299,2,0),(10,1,1,6,315,1,0),(10,1,1,6,317,1,16),(10,1,1,6,320,1,0),(10,1,1,6,323,1,0),(10,1,1,6,328,1,0),(10,1,1,6,333,1,0),(10,1,1,6,339,1,0),(10,1,1,6,341,1,0),(10,1,1,6,342,4,0),(10,1,1,6,346,1,1),(10,1,1,6,347,1,1),(10,1,1,6,349,1,0),(10,1,1,6,355,1,8),(10,1,1,6,357,1,0),(10,1,1,6,361,1,0),(10,1,1,6,378,1,0),(10,1,1,6,383,1,0),(10,1,1,6,394,1,0),(10,1,1,6,422,2,0),(10,1,1,6,423,1,0),(10,1,1,6,426,1,0),(10,1,1,6,429,1,0),(10,1,1,6,431,1,0),(10,1,1,6,440,1,0),(10,1,1,6,442,1,4),(10,1,1,6,448,1,2),(10,1,1,6,462,2,0),(10,1,1,7,296,7,2),(10,1,1,7,299,3,1),(10,1,1,7,300,1,0),(10,1,1,7,301,18,5),(10,1,1,7,302,2,1),(10,1,1,7,303,8,4),(10,1,1,7,305,2,2),(10,1,1,7,307,1,0),(10,1,1,7,312,3,6),(10,1,1,7,315,2,0),(10,1,1,7,318,2,11),(10,1,1,7,320,12,1),(10,1,1,7,321,1,0),(10,1,1,7,323,1,0),(10,1,1,7,331,8,36),(10,1,1,7,333,2,1),(10,1,1,7,334,2,5),(10,1,1,7,337,3,1),(10,1,1,7,338,2,2),(10,1,1,7,339,4,2),(10,1,1,7,341,22,1),(10,1,1,7,344,1,1),(10,1,1,7,347,1,1),(10,1,1,7,348,3,1),(10,1,1,7,349,4,0),(10,1,1,7,354,1,2),(10,1,1,7,355,1,8),(10,1,1,7,356,12,16),(10,1,1,7,357,2,1),(10,1,1,7,358,1,0),(10,1,1,7,361,1,0),(10,1,1,7,362,1,0),(10,1,1,7,367,12,5),(10,1,1,7,369,1,2),(10,1,1,7,371,1,0),(10,1,1,7,376,1,0),(10,1,1,7,379,8,3),(10,1,1,7,380,1,0),(10,1,1,7,381,1,0),(10,1,1,7,383,2,0),(10,1,1,7,385,1,50),(10,1,1,7,386,3,2),(10,1,1,7,387,2,0),(10,1,1,7,390,1,2),(10,1,1,7,392,2,3),(10,1,1,7,394,1,0),(10,1,1,7,395,1,0),(10,1,1,7,396,1,1),(10,1,1,7,397,1,1),(10,1,1,7,400,1,0),(10,1,1,7,402,2,0),(10,1,1,7,404,1,0),(10,1,1,7,405,23,1),(10,1,1,7,406,2,0),(10,1,1,7,416,4,4),(10,1,1,7,422,2,0),(10,1,1,7,423,6,3),(10,1,1,7,424,6,8),(10,1,1,7,426,3,2),(10,1,1,7,429,6,1),(10,1,1,7,430,8,3),(10,1,1,7,431,3,1),(10,1,1,7,432,4,1),(10,1,1,7,433,1,0),(10,1,1,7,438,2,0),(10,1,1,7,439,2,13),(10,1,1,7,440,1,0),(10,1,1,7,442,1,4),(10,1,1,7,443,1,0),(10,1,1,7,446,1,1),(10,1,1,7,448,14,28),(10,1,1,7,462,5,0),(10,1,1,8,299,1,0),(10,1,1,8,315,1,0),(10,1,1,8,337,1,0),(10,1,1,8,339,1,0),(10,1,1,8,346,1,1),(10,1,1,8,347,1,1),(10,1,1,8,349,1,0),(10,1,1,8,355,1,8),(10,1,1,8,357,2,1),(10,1,1,8,392,1,1),(10,1,1,8,422,1,0),(10,1,1,8,423,1,0),(10,1,1,8,426,1,0),(10,1,1,8,431,1,0),(10,1,1,8,442,1,4),(10,1,1,8,448,1,2),(10,1,1,8,462,2,0),(10,1,1,9,296,1,0),(10,1,1,9,303,4,2),(10,1,1,9,307,2,0),(10,1,1,9,333,1,0),(10,1,1,9,341,7,0),(10,1,1,9,342,1,0),(10,1,1,9,347,2,2),(10,1,1,9,350,2,0),(10,1,1,9,352,1,0),(10,1,1,9,358,1,0),(10,1,1,9,376,3,0),(10,1,1,9,380,2,1),(10,1,1,9,388,1,3),(10,1,1,9,397,1,1),(10,1,1,9,400,1,0),(10,1,1,9,404,1,0),(10,1,1,9,405,3,0),(10,1,1,9,429,1,0),(10,1,1,9,431,2,0),(10,1,1,9,433,1,0),(10,1,1,9,443,2,0),(10,1,1,9,448,1,2),(10,1,1,9,451,1,5),(10,1,1,9,462,1,0),(10,1,1,10,323,1,0),(10,1,1,10,341,4,0),(10,1,1,10,349,1,0),(10,1,1,10,393,1,0),(10,1,1,10,405,1,0),(10,1,1,10,443,1,0),(10,1,1,12,292,1,1),(10,1,1,12,296,2,0),(10,1,1,12,323,1,0),(10,1,1,12,367,2,0),(10,1,1,12,425,1,0),(10,1,1,12,462,1,0),(10,1,1,13,341,4,0),(10,1,1,13,349,1,0),(10,1,1,13,404,1,0),(10,1,1,13,406,1,0),(10,1,1,13,443,1,0),(10,1,2,0,288,7,5),(10,1,2,0,289,58,42),(10,1,2,0,290,5,38),(10,1,2,0,291,9,45),(10,1,2,0,292,1,1),(10,1,2,0,293,6,14),(10,1,2,0,294,2,15),(10,1,2,0,295,60,38),(10,1,2,0,296,69,28),(10,1,2,0,297,24,64),(10,1,2,0,298,13,30),(10,1,2,0,299,65,26),(10,1,2,0,300,35,11),(10,1,2,0,301,71,23),(10,1,2,0,302,30,26),(10,1,2,0,303,38,22),(10,1,2,0,304,4,30),(10,1,2,0,305,13,16),(10,1,2,0,306,12,27),(10,1,2,0,307,120,18),(10,1,2,0,308,24,25),(10,1,2,0,309,34,42),(10,1,2,0,310,7,46),(10,1,2,0,311,7,31),(10,1,2,0,312,9,18),(10,1,2,0,313,12,23),(10,1,2,0,314,4,50),(10,1,2,0,315,130,41),(10,1,2,0,316,13,54),(10,1,2,0,317,3,50),(10,1,2,0,318,2,11),(10,1,2,0,319,26,37),(10,1,2,0,320,303,39),(10,1,2,0,321,121,23),(10,1,2,0,322,7,38),(10,1,2,0,323,88,20),(10,1,2,0,324,28,45),(10,1,2,0,325,172,58),(10,1,2,0,326,5,38),(10,1,2,0,327,8,40),(10,1,2,0,328,90,19),(10,1,2,0,329,123,35),(10,1,2,0,330,27,28),(10,1,2,0,331,4,18),(10,1,2,0,332,1,7),(10,1,2,0,333,67,36),(10,1,2,0,334,14,37),(10,1,2,0,335,3,12),(10,1,2,0,336,64,36),(10,1,2,0,337,25,10),(10,1,2,0,338,24,26),(10,1,2,0,339,77,38),(10,1,2,0,340,8,53),(10,1,2,0,341,358,27),(10,1,2,0,342,90,22),(10,1,2,0,343,54,31),(10,1,2,0,344,25,26),(10,1,2,0,346,15,19),(10,1,2,0,347,44,45),(10,1,2,0,348,47,23),(10,1,2,0,349,210,40),(10,1,2,0,350,64,21),(10,1,2,0,351,22,22),(10,1,2,0,352,37,26),(10,1,2,0,353,9,45),(10,1,2,0,354,11,29),(10,1,2,0,355,2,16),(10,1,2,0,356,11,15),(10,1,2,0,357,40,27),(10,1,2,0,358,64,33),(10,1,2,0,359,11,27),(10,1,2,0,360,65,38),(10,1,2,0,361,188,32),(10,1,2,0,362,102,39),(10,1,2,0,363,19,44),(10,1,2,0,364,63,24),(10,1,2,0,365,52,33),(10,1,2,0,366,42,34),(10,1,2,0,367,65,32),(10,1,2,0,368,6,33),(10,1,2,0,369,8,20),(10,1,2,0,370,6,28),(10,1,2,0,371,146,22),(10,1,2,0,372,9,22),(10,1,2,0,373,444,19),(10,1,2,0,375,1,6),(10,1,2,0,376,228,32),(10,1,2,0,377,57,14),(10,1,2,0,378,176,43),(10,1,2,0,379,60,28),(10,1,2,0,380,34,17),(10,1,2,0,381,29,24),(10,1,2,0,382,2,11),(10,1,2,0,383,78,18),(10,1,2,0,386,26,23),(10,1,2,0,387,12,5),(10,1,2,0,388,14,46),(10,1,2,0,389,3,2),(10,1,2,0,390,20,40),(10,1,2,0,391,152,44),(10,1,2,0,392,11,16),(10,1,2,0,393,127,41),(10,1,2,0,394,53,22),(10,1,2,0,395,85,32),(10,1,2,0,396,35,39),(10,1,2,0,397,12,22),(10,1,2,0,398,17,24),(10,1,2,0,399,60,43),(10,1,2,0,400,141,40),(10,1,2,0,401,7,77),(10,1,2,0,402,68,28),(10,1,2,0,403,3,4),(10,1,2,0,404,121,22),(10,1,2,0,405,468,39),(10,1,2,0,406,73,19),(10,1,2,0,407,3,17),(10,1,2,0,408,8,40),(10,1,2,0,409,1,5),(10,1,2,0,411,12,34),(10,1,2,0,413,9,40),(10,1,2,0,414,8,18),(10,1,2,0,416,23,28),(10,1,2,0,417,7,20),(10,1,2,0,418,8,40),(10,1,2,0,420,22,16),(10,1,2,0,421,6,7),(10,1,2,0,422,189,46),(10,1,2,0,423,45,23),(10,1,2,0,424,23,32),(10,1,2,0,425,103,24),(10,1,2,0,426,35,24),(10,1,2,0,427,1,5),(10,1,2,0,428,28,32),(10,1,2,0,429,110,20),(10,1,2,0,430,65,26),(10,1,2,0,431,68,33),(10,1,2,0,432,82,36),(10,1,2,0,433,12,9),(10,1,2,0,434,11,61),(10,1,2,0,436,30,20),(10,1,2,0,437,2,4),(10,1,2,0,438,9,4),(10,1,2,0,440,118,26),(10,1,2,0,441,55,24),(10,1,2,0,442,7,31),(10,1,2,0,443,122,40),(10,1,2,0,444,9,47),(10,1,2,0,445,6,18),(10,1,2,0,446,18,31),(10,1,2,0,447,8,38),(10,1,2,0,450,8,61),(10,1,2,0,451,10,58),(10,1,2,0,452,4,11),(10,1,2,0,453,8,12),(10,1,2,0,454,33,21),(10,1,2,0,455,13,35),(10,1,2,0,456,8,53),(10,1,2,0,457,18,38),(10,1,2,0,458,30,54),(10,1,2,0,459,2,1),(10,1,2,0,460,24,46),(10,1,2,0,461,19,31),(10,1,2,0,462,230,23),(10,1,2,0,463,53,14),(10,1,2,0,464,18,26),(10,1,2,0,465,27,50),(10,1,2,0,466,6,14),(10,1,2,0,467,7,36),(10,1,2,0,468,17,26),(10,1,2,1,371,1,0),(10,1,2,1,395,1,0),(10,1,2,2,296,1,0),(10,1,2,2,338,1,1),(10,1,2,2,349,1,0),(10,1,2,2,357,1,0),(10,1,2,2,373,1,0),(10,1,2,2,405,1,0),(10,1,2,2,426,1,0),(10,1,2,2,433,1,0),(10,1,2,2,443,1,0),(10,1,2,4,301,1,0),(10,1,2,4,341,4,0),(10,1,2,4,349,1,0),(10,1,2,4,383,1,0),(10,1,2,4,399,1,0),(10,1,2,4,403,1,1),(10,1,2,6,301,4,1),(10,1,2,6,302,1,0),(10,1,2,6,303,1,0),(10,1,2,6,333,2,1),(10,1,2,6,341,9,0),(10,1,2,6,349,1,0),(10,1,2,6,361,2,0),(10,1,2,6,376,1,0),(10,1,2,6,396,1,1),(10,1,2,6,400,1,0),(10,1,2,6,402,1,0),(10,1,2,6,422,2,0),(10,1,2,6,426,1,0),(10,1,2,6,455,1,2),(10,1,2,6,462,1,0),(10,1,2,7,296,1,0),(10,1,2,7,299,1,0),(10,1,2,7,301,18,5),(10,1,2,7,303,1,0),(10,1,2,7,307,1,0),(10,1,2,7,312,2,4),(10,1,2,7,315,12,3),(10,1,2,7,319,1,1),(10,1,2,7,320,6,0),(10,1,2,7,329,2,0),(10,1,2,7,331,4,18),(10,1,2,7,333,1,0),(10,1,2,7,337,1,0),(10,1,2,7,338,2,2),(10,1,2,7,339,1,0),(10,1,2,7,341,14,1),(10,1,2,7,342,9,2),(10,1,2,7,343,1,0),(10,1,2,7,348,2,1),(10,1,2,7,349,1,0),(10,1,2,7,350,1,0),(10,1,2,7,356,4,5),(10,1,2,7,358,1,0),(10,1,2,7,361,2,0),(10,1,2,7,362,1,0),(10,1,2,7,367,3,1),(10,1,2,7,371,1,0),(10,1,2,7,379,1,0),(10,1,2,7,386,1,0),(10,1,2,7,387,4,1),(10,1,2,7,393,2,0),(10,1,2,7,395,2,0),(10,1,2,7,396,3,3),(10,1,2,7,399,1,0),(10,1,2,7,400,2,0),(10,1,2,7,402,3,1),(10,1,2,7,403,3,4),(10,1,2,7,405,13,1),(10,1,2,7,418,1,5),(10,1,2,7,420,1,0),(10,1,2,7,423,1,0),(10,1,2,7,425,1,0),(10,1,2,7,426,2,1),(10,1,2,7,429,4,0),(10,1,2,7,430,3,1),(10,1,2,7,431,1,0),(10,1,2,7,432,2,0),(10,1,2,7,433,1,0),(10,1,2,7,438,2,0),(10,1,2,7,441,1,0),(10,1,2,7,443,1,0),(10,1,2,7,448,9,18),(10,1,2,7,453,1,1),(10,1,2,7,457,1,2),(10,1,2,7,460,1,1),(10,1,2,7,462,7,0),(10,1,2,7,464,2,2),(10,1,2,8,303,1,0),(10,1,2,8,341,9,0),(10,1,2,8,361,1,0),(10,1,2,8,396,1,1),(10,1,2,8,400,1,0),(10,1,2,8,402,1,0),(10,1,2,8,403,1,1),(10,1,2,8,426,1,0),(10,1,2,9,296,1,0),(10,1,2,9,341,4,0),(10,1,2,9,400,1,0),(10,1,2,9,402,1,0),(10,1,2,10,371,1,0),(10,1,2,11,365,1,0),(10,1,2,12,296,1,0),(10,1,2,12,307,1,0),(10,2,1,0,288,7,5),(10,2,1,0,289,2,1),(10,2,1,0,296,11,4),(10,2,1,0,298,2,4),(10,2,1,0,299,7,2),(10,2,1,0,300,11,3),(10,2,1,0,301,15,4),(10,2,1,0,302,6,5),(10,2,1,0,303,6,3),(10,2,1,0,304,1,7),(10,2,1,0,305,1,1),(10,2,1,0,306,2,4),(10,2,1,0,308,1,1),(10,2,1,0,309,1,1),(10,2,1,0,310,1,6),(10,2,1,0,312,1,2),(10,2,1,0,315,14,4),(10,2,1,0,316,1,4),(10,2,1,0,320,11,1),(10,2,1,0,321,2,0),(10,2,1,0,323,3,0),(10,2,1,0,325,2,0),(10,2,1,0,328,7,1),(10,2,1,0,333,3,1),(10,2,1,0,334,3,8),(10,2,1,0,340,1,6),(10,2,1,0,341,15,1),(10,2,1,0,342,12,2),(10,2,1,0,343,6,3),(10,2,1,0,347,1,1),(10,2,1,0,348,4,2),(10,2,1,0,349,20,3),(10,2,1,0,350,4,1),(10,2,1,0,351,4,4),(10,2,1,0,352,1,0),(10,2,1,0,354,1,2),(10,2,1,0,356,1,1),(10,2,1,0,357,2,1),(10,2,1,0,358,2,1),(10,2,1,0,360,1,0),(10,2,1,0,361,8,1),(10,2,1,0,362,5,1),(10,2,1,0,364,1,0),(10,2,1,0,365,4,2),(10,2,1,0,367,12,5),(10,2,1,0,373,48,2),(10,2,1,0,376,4,0),(10,2,1,0,377,9,2),(10,2,1,0,378,17,4),(10,2,1,0,379,12,5),(10,2,1,0,380,4,2),(10,2,1,0,381,6,5),(10,2,1,0,383,17,4),(10,2,1,0,386,3,2),(10,2,1,0,390,3,6),(10,2,1,0,391,1,0),(10,2,1,0,392,1,1),(10,2,1,0,393,1,0),(10,2,1,0,394,1,0),(10,2,1,0,395,27,10),(10,2,1,0,397,1,1),(10,2,1,0,398,3,4),(10,2,1,0,400,1,0),(10,2,1,0,403,10,14),(10,2,1,0,404,1,0),(10,2,1,0,405,24,2),(10,2,1,0,406,7,1),(10,2,1,0,407,1,5),(10,2,1,0,408,1,5),(10,2,1,0,422,4,0),(10,2,1,0,423,5,2),(10,2,1,0,425,1,0),(10,2,1,0,426,12,8),(10,2,1,0,427,2,11),(10,2,1,0,428,2,2),(10,2,1,0,429,38,7),(10,2,1,0,430,14,5),(10,2,1,0,431,12,5),(10,2,1,0,432,2,0),(10,2,1,0,433,1,0),(10,2,1,0,435,3,2),(10,2,1,0,437,3,6),(10,2,1,0,438,1,0),(10,2,1,0,440,4,0),(10,2,1,0,441,11,4),(10,2,1,0,443,11,3),(10,2,1,0,444,1,5),(10,2,1,0,446,4,7),(10,2,1,0,450,1,7),(10,2,1,0,451,1,5),(10,2,1,0,452,2,5),(10,2,1,0,453,5,7),(10,2,1,0,458,1,1),(10,2,1,0,460,3,5),(10,2,1,0,462,4,0),(10,2,1,0,463,3,0),(10,2,1,0,464,5,7),(10,2,1,0,465,3,5),(10,2,1,0,468,3,4),(10,2,1,2,305,1,1),(10,2,1,6,379,1,0),(10,2,1,6,432,1,0),(10,2,1,7,296,1,0),(10,2,1,7,299,1,0),(10,2,1,7,301,9,2),(10,2,1,7,305,1,1),(10,2,1,7,312,4,8),(10,2,1,7,320,1,0),(10,2,1,7,337,1,0),(10,2,1,7,342,1,0),(10,2,1,7,349,3,0),(10,2,1,7,358,1,0),(10,2,1,7,367,1,0),(10,2,1,7,379,2,0),(10,2,1,7,383,1,0),(10,2,1,7,386,1,0),(10,2,1,7,389,1,0),(10,2,1,7,393,1,0),(10,2,1,7,403,2,2),(10,2,1,7,429,3,0),(10,2,1,7,431,1,0),(10,2,1,8,305,1,1),(10,2,1,8,379,1,0),(10,2,1,12,296,1,0),(10,2,1,12,367,1,0),(10,2,2,0,289,1,0),(10,2,2,0,290,1,7),(10,2,2,0,291,1,5),(10,2,2,0,295,2,1),(10,2,2,0,296,8,3),(10,2,2,0,298,3,7),(10,2,2,0,299,5,2),(10,2,2,0,300,12,3),(10,2,2,0,301,10,3),(10,2,2,0,302,6,5),(10,2,2,0,303,6,3),(10,2,2,0,305,2,2),(10,2,2,0,306,1,2),(10,2,2,0,308,1,1),(10,2,2,0,309,1,1),(10,2,2,0,311,3,13),(10,2,2,0,312,4,8),(10,2,2,0,314,1,12),(10,2,2,0,315,3,0),(10,2,2,0,320,11,1),(10,2,2,0,321,1,0),(10,2,2,0,323,6,1),(10,2,2,0,328,5,1),(10,2,2,0,330,2,2),(10,2,2,0,333,7,3),(10,2,2,0,341,28,2),(10,2,2,0,342,9,2),(10,2,2,0,346,1,1),(10,2,2,0,348,10,5),(10,2,2,0,349,7,1),(10,2,2,0,350,4,1),(10,2,2,0,351,3,3),(10,2,2,0,356,1,1),(10,2,2,0,358,2,1),(10,2,2,0,360,1,0),(10,2,2,0,361,6,1),(10,2,2,0,362,5,1),(10,2,2,0,364,1,0),(10,2,2,0,367,10,4),(10,2,2,0,371,1,0),(10,2,2,0,373,45,1),(10,2,2,0,376,3,0),(10,2,2,0,377,8,2),(10,2,2,0,378,16,3),(10,2,2,0,379,6,2),(10,2,2,0,380,3,1),(10,2,2,0,381,3,2),(10,2,2,0,382,2,11),(10,2,2,0,383,14,3),(10,2,2,0,386,1,0),(10,2,2,0,387,1,0),(10,2,2,0,390,1,2),(10,2,2,0,391,2,0),(10,2,2,0,393,6,1),(10,2,2,0,394,1,0),(10,2,2,0,395,20,7),(10,2,2,0,398,3,4),(10,2,2,0,400,2,0),(10,2,2,0,402,1,0),(10,2,2,0,403,15,21),(10,2,2,0,405,33,2),(10,2,2,0,406,3,0),(10,2,2,0,408,1,5),(10,2,2,0,409,1,5),(10,2,2,0,413,1,4),(10,2,2,0,422,4,0),(10,2,2,0,423,2,1),(10,2,2,0,425,2,0),(10,2,2,0,426,14,9),(10,2,2,0,427,2,11),(10,2,2,0,428,3,3),(10,2,2,0,429,43,7),(10,2,2,0,430,15,6),(10,2,2,0,431,18,8),(10,2,2,0,432,3,1),(10,2,2,0,433,1,0),(10,2,2,0,437,2,4),(10,2,2,0,438,1,0),(10,2,2,0,440,3,0),(10,2,2,0,441,4,1),(10,2,2,0,442,1,4),(10,2,2,0,443,7,2),(10,2,2,0,445,1,3),(10,2,2,0,446,4,7),(10,2,2,0,453,2,3),(10,2,2,0,454,1,0),(10,2,2,0,458,2,3),(10,2,2,0,460,2,3),(10,2,2,0,462,5,0),(10,2,2,0,463,3,0),(10,2,2,0,464,1,1),(10,2,2,0,467,1,5),(10,2,2,0,468,2,3),(10,2,2,4,393,1,0),(10,2,2,4,394,1,0),(10,2,2,6,343,1,0),(10,2,2,6,349,1,0),(10,2,2,7,296,2,0),(10,2,2,7,302,1,0),(10,2,2,7,303,4,2),(10,2,2,7,306,1,2),(10,2,2,7,349,1,0),(10,2,2,7,356,4,5),(10,2,2,7,361,1,0),(10,2,2,7,386,1,0),(10,2,2,7,398,4,5),(10,2,2,7,405,1,0),(10,2,2,7,432,1,0),(10,2,2,8,349,1,0),(10,2,2,12,429,1,0),(10,2,2,13,406,1,0),(10,3,1,0,288,16,12),(10,3,1,0,289,5,3),(10,3,1,0,290,1,7),(10,3,1,0,291,1,5),(10,3,1,0,293,9,21),(10,3,1,0,295,9,5),(10,3,1,0,296,12,4),(10,3,1,0,298,5,11),(10,3,1,0,299,6,2),(10,3,1,0,300,4,1),(10,3,1,0,301,38,12),(10,3,1,0,302,6,5),(10,3,1,0,303,6,3),(10,3,1,0,305,6,7),(10,3,1,0,306,1,2),(10,3,1,0,307,1,0),(10,3,1,0,308,6,6),(10,3,1,0,309,4,5),(10,3,1,0,310,1,6),(10,3,1,0,311,1,4),(10,3,1,0,312,2,4),(10,3,1,0,313,1,1),(10,3,1,0,315,13,4),(10,3,1,0,316,1,4),(10,3,1,0,319,1,1),(10,3,1,0,320,68,8),(10,3,1,0,321,2,0),(10,3,1,0,323,7,1),(10,3,1,0,324,4,6),(10,3,1,0,325,3,1),(10,3,1,0,327,2,10),(10,3,1,0,328,22,4),(10,3,1,0,329,5,1),(10,3,1,0,330,3,3),(10,3,1,0,333,12,6),(10,3,1,0,334,1,2),(10,3,1,0,337,13,5),(10,3,1,0,338,1,1),(10,3,1,0,339,3,1),(10,3,1,0,341,25,1),(10,3,1,0,342,11,2),(10,3,1,0,343,7,4),(10,3,1,0,344,2,2),(10,3,1,0,346,1,1),(10,3,1,0,347,2,2),(10,3,1,0,348,7,3),(10,3,1,0,349,14,2),(10,3,1,0,350,3,1),(10,3,1,0,351,3,3),(10,3,1,0,352,28,19),(10,3,1,0,354,1,2),(10,3,1,0,356,4,5),(10,3,1,0,357,15,10),(10,3,1,0,358,21,11),(10,3,1,0,360,5,2),(10,3,1,0,361,15,2),(10,3,1,0,362,10,3),(10,3,1,0,364,2,0),(10,3,1,0,365,16,10),(10,3,1,0,366,14,11),(10,3,1,0,367,14,6),(10,3,1,0,368,1,5),(10,3,1,0,369,3,7),(10,3,1,0,370,1,4),(10,3,1,0,373,35,1),(10,3,1,0,376,3,0),(10,3,1,0,377,14,3),(10,3,1,0,378,9,2),(10,3,1,0,379,6,2),(10,3,1,0,380,1,0),(10,3,1,0,381,3,2),(10,3,1,0,383,8,1),(10,3,1,0,386,4,3),(10,3,1,0,387,2,0),(10,3,1,0,390,2,4),(10,3,1,0,391,4,1),(10,3,1,0,392,3,4),(10,3,1,0,393,13,4),(10,3,1,0,394,12,5),(10,3,1,0,395,12,4),(10,3,1,0,396,5,5),(10,3,1,0,397,3,5),(10,3,1,0,398,11,15),(10,3,1,0,399,1,0),(10,3,1,0,400,8,2),(10,3,1,0,401,1,11),(10,3,1,0,402,51,21),(10,3,1,0,403,13,18),(10,3,1,0,405,54,4),(10,3,1,0,406,7,1),(10,3,1,0,407,1,5),(10,3,1,0,408,1,5),(10,3,1,0,409,2,10),(10,3,1,0,413,1,4),(10,3,1,0,414,1,2),(10,3,1,0,417,1,2),(10,3,1,0,419,1,9),(10,3,1,0,421,1,1),(10,3,1,0,422,8,1),(10,3,1,0,423,5,2),(10,3,1,0,424,2,2),(10,3,1,0,425,25,5),(10,3,1,0,426,3,2),(10,3,1,0,428,9,10),(10,3,1,0,429,41,7),(10,3,1,0,430,9,3),(10,3,1,0,431,19,9),(10,3,1,0,432,13,5),(10,3,1,0,435,2,1),(10,3,1,0,436,3,2),(10,3,1,0,438,1,0),(10,3,1,0,440,19,4),(10,3,1,0,441,6,2),(10,3,1,0,442,1,4),(10,3,1,0,443,14,4),(10,3,1,0,444,1,5),(10,3,1,0,446,3,5),(10,3,1,0,447,5,23),(10,3,1,0,452,1,2),(10,3,1,0,453,6,9),(10,3,1,0,457,1,2),(10,3,1,0,458,5,9),(10,3,1,0,459,1,0),(10,3,1,0,460,3,5),(10,3,1,0,461,4,6),(10,3,1,0,462,63,6),(10,3,1,0,463,2,0),(10,3,1,0,464,1,1),(10,3,1,0,466,1,2),(10,3,1,0,467,1,5),(10,3,1,0,468,3,4),(10,3,1,2,462,1,0),(10,3,1,4,320,1,0),(10,3,1,4,365,1,0),(10,3,1,6,311,1,4),(10,3,1,6,342,4,0),(10,3,1,6,358,1,0),(10,3,1,6,387,1,0),(10,3,1,6,426,1,0),(10,3,1,7,296,1,0),(10,3,1,7,301,8,2),(10,3,1,7,303,4,2),(10,3,1,7,315,1,0),(10,3,1,7,320,2,0),(10,3,1,7,333,1,0),(10,3,1,7,342,4,0),(10,3,1,7,348,1,0),(10,3,1,7,356,8,11),(10,3,1,7,358,2,1),(10,3,1,7,361,1,0),(10,3,1,7,366,1,0),(10,3,1,7,369,1,2),(10,3,1,7,396,1,1),(10,3,1,7,402,1,0),(10,3,1,7,403,1,1),(10,3,1,7,405,1,0),(10,3,1,7,417,1,2),(10,3,1,7,424,9,12),(10,3,1,7,425,1,0),(10,3,1,7,426,1,0),(10,3,1,7,429,1,0),(10,3,1,7,432,1,0),(10,3,1,7,438,1,0),(10,3,1,7,448,2,4),(10,3,1,7,462,3,0),(10,3,1,8,342,4,0),(10,3,1,8,358,1,0),(10,3,1,8,462,1,0),(10,3,1,9,393,1,0),(10,3,1,12,358,1,0),(10,3,1,12,367,8,3),(10,3,1,12,405,1,0),(10,3,2,0,288,3,2),(10,3,2,0,289,3,2),(10,3,2,0,291,2,10),(10,3,2,0,293,1,2),(10,3,2,0,295,12,7),(10,3,2,0,296,11,4),(10,3,2,0,298,2,4),(10,3,2,0,299,2,0),(10,3,2,0,300,13,4),(10,3,2,0,301,43,14),(10,3,2,0,302,5,4),(10,3,2,0,303,6,3),(10,3,2,0,305,5,6),(10,3,2,0,307,2,0),(10,3,2,0,309,1,1),(10,3,2,0,312,4,8),(10,3,2,0,313,1,1),(10,3,2,0,315,10,3),(10,3,2,0,320,50,6),(10,3,2,0,321,2,0),(10,3,2,0,323,3,0),(10,3,2,0,324,3,4),(10,3,2,0,325,2,0),(10,3,2,0,328,21,4),(10,3,2,0,330,3,3),(10,3,2,0,333,9,4),(10,3,2,0,334,3,8),(10,3,2,0,337,8,3),(10,3,2,0,338,3,3),(10,3,2,0,339,3,1),(10,3,2,0,341,15,1),(10,3,2,0,342,11,2),(10,3,2,0,343,7,4),(10,3,2,0,344,3,3),(10,3,2,0,346,1,1),(10,3,2,0,347,1,1),(10,3,2,0,348,3,1),(10,3,2,0,349,17,3),(10,3,2,0,350,2,0),(10,3,2,0,351,5,5),(10,3,2,0,352,17,12),(10,3,2,0,353,1,5),(10,3,2,0,354,6,16),(10,3,2,0,355,1,8),(10,3,2,0,356,4,5),(10,3,2,0,357,10,6),(10,3,2,0,358,26,13),(10,3,2,0,360,4,2),(10,3,2,0,361,12,2),(10,3,2,0,362,8,3),(10,3,2,0,364,1,0),(10,3,2,0,365,8,5),(10,3,2,0,366,14,11),(10,3,2,0,367,15,7),(10,3,2,0,368,1,5),(10,3,2,0,369,1,2),(10,3,2,0,371,1,0),(10,3,2,0,373,25,1),(10,3,2,0,376,1,0),(10,3,2,0,377,13,3),(10,3,2,0,378,4,0),(10,3,2,0,379,2,0),(10,3,2,0,380,3,1),(10,3,2,0,381,5,4),(10,3,2,0,383,7,1),(10,3,2,0,387,1,0),(10,3,2,0,390,4,8),(10,3,2,0,391,8,2),(10,3,2,0,392,2,3),(10,3,2,0,393,13,4),(10,3,2,0,394,12,5),(10,3,2,0,395,10,3),(10,3,2,0,396,4,4),(10,3,2,0,398,16,23),(10,3,2,0,399,2,1),(10,3,2,0,400,6,1),(10,3,2,0,402,39,16),(10,3,2,0,403,9,12),(10,3,2,0,404,3,0),(10,3,2,0,405,54,4),(10,3,2,0,406,10,2),(10,3,2,0,407,3,17),(10,3,2,0,411,1,2),(10,3,2,0,420,1,0),(10,3,2,0,422,3,0),(10,3,2,0,423,12,6),(10,3,2,0,424,2,2),(10,3,2,0,425,19,4),(10,3,2,0,426,7,4),(10,3,2,0,427,1,5),(10,3,2,0,428,4,4),(10,3,2,0,429,35,6),(10,3,2,0,430,13,5),(10,3,2,0,431,10,4),(10,3,2,0,432,10,4),(10,3,2,0,433,1,0),(10,3,2,0,436,3,2),(10,3,2,0,438,2,0),(10,3,2,0,440,13,2),(10,3,2,0,441,9,4),(10,3,2,0,443,19,6),(10,3,2,0,444,2,10),(10,3,2,0,446,2,3),(10,3,2,0,447,1,4),(10,3,2,0,452,2,5),(10,3,2,0,453,2,3),(10,3,2,0,457,2,4),(10,3,2,0,458,4,7),(10,3,2,0,459,1,0),(10,3,2,0,460,3,5),(10,3,2,0,461,1,1),(10,3,2,0,462,53,5),(10,3,2,0,463,8,2),(10,3,2,0,464,3,4),(10,3,2,0,466,1,2),(10,3,2,0,467,2,10),(10,3,2,0,468,1,1),(10,3,2,4,305,1,1),(10,3,2,6,402,1,0),(10,3,2,7,305,1,1),(10,3,2,7,312,2,4),(10,3,2,7,315,1,0),(10,3,2,7,320,1,0),(10,3,2,7,349,1,0),(10,3,2,7,396,2,2),(10,3,2,7,402,1,0),(10,3,2,7,405,4,0),(10,3,2,7,429,1,0),(10,3,2,7,431,1,0),(10,3,2,7,440,1,0),(10,3,2,7,462,1,0),(10,3,2,8,305,1,1),(10,3,2,8,402,1,0),(10,3,2,9,432,1,0),(10,3,2,12,315,1,0),(10,4,1,0,320,2,0),(10,4,1,0,341,3,0),(10,4,1,0,356,1,1),(10,4,1,0,367,1,0),(10,4,1,0,373,1,0),(10,4,1,0,376,1,0),(10,4,1,0,440,1,0),(10,4,1,7,403,1,1),(10,4,2,0,341,2,0),(10,4,2,0,348,1,0),(10,4,2,0,356,1,1),(10,4,2,0,358,1,0),(10,4,2,0,373,1,0),(10,4,2,0,376,2,0),(10,4,2,0,381,1,0),(10,4,2,0,383,1,0),(10,4,2,0,405,1,0),(10,4,2,0,429,1,0),(10,4,2,0,443,1,0),(10,4,2,0,453,2,3),(10,5,1,0,288,1,0),(10,5,1,0,294,1,7),(10,5,1,0,321,1,0),(10,5,1,0,328,1,0),(10,5,1,0,333,1,0),(10,5,1,0,373,1,0),(10,5,1,0,374,9,69),(10,5,1,0,377,1,0),(10,5,1,0,405,1,0),(10,5,1,0,406,2,0),(10,5,1,0,412,11,37),(10,5,1,0,440,1,0),(10,5,1,0,462,2,0),(10,5,1,0,463,1,0),(10,5,1,6,412,1,3),(10,5,1,7,379,1,0),(10,5,1,7,412,2,6),(10,5,1,8,412,1,3),(10,5,2,0,301,1,0),(10,5,2,0,312,1,2),(10,5,2,0,328,2,0),(10,5,2,0,341,1,0),(10,5,2,0,342,1,0),(10,5,2,0,361,2,0),(10,5,2,0,373,2,0),(10,5,2,0,374,4,30),(10,5,2,0,377,1,0),(10,5,2,0,383,2,0),(10,5,2,0,403,1,1),(10,5,2,0,405,1,0),(10,5,2,0,412,11,37),(10,5,2,0,429,1,0),(10,5,2,0,445,1,3),(10,5,2,0,446,1,1),(10,5,2,0,459,1,0),(10,5,2,0,462,4,0);
/*!40000 ALTER TABLE `fato_aluno_ne` ENABLE KEYS */;
UNLOCK TABLES;

--
-- Table structure for table `fato_infraestrutura`
--

DROP TABLE IF EXISTS `fato_infraestrutura`;
/*!40101 SET @saved_cs_client     = @@character_set_client */;
/*!40101 SET character_set_client = utf8 */;
CREATE TABLE `fato_infraestrutura` (
  `DIM_AGUA_ID` int(11) NOT NULL,
  `DIM_ESGOTO_ID` int(11) NOT NULL,
  `DIM_DEPENDENCIA_ID` int(11) NOT NULL,
  `DIM_LOCALIZACAO_ID` int(11) NOT NULL,
  `DIM_ENERGIA_ID` int(11) NOT NULL,
  `DIM_ACESSIBILIDADE_ID` int(11) NOT NULL,
  `DIM_INTERNET_ID` int(11) NOT NULL,
  `QTD_ESCOLAS` int(11) NOT NULL,
  `PORCENTAGEM_ESCOLAS` double NOT NULL,
  PRIMARY KEY (`DIM_AGUA_ID`,`DIM_ESGOTO_ID`,`DIM_DEPENDENCIA_ID`,`DIM_LOCALIZACAO_ID`,`DIM_ENERGIA_ID`,`DIM_ACESSIBILIDADE_ID`,`DIM_INTERNET_ID`),
  KEY `fk_FATO_INFRAESTRUTURA_DIM_AGUA1_idx` (`DIM_AGUA_ID`),
  KEY `fk_FATO_INFRAESTRUTURA_DIM_ESGOTO1_idx` (`DIM_ESGOTO_ID`),
  KEY `fk_FATO_INFRAESTRUTURA_DIM_LOCALIZACAO1_idx` (`DIM_LOCALIZACAO_ID`),
  KEY `fk_FATO_INFRAESTRUTURA_DIM_ENERGIA1_idx` (`DIM_ENERGIA_ID`),
  KEY `fk_FATO_INFRAESTRUTURA_ACESSIBILIDADE1_idx` (`DIM_ACESSIBILIDADE_ID`),
  KEY `fk_FATO_INFRAESTRUTURA_DIM_INTERNET1_idx` (`DIM_INTERNET_ID`),
  KEY `fk_FATO_INFRAESTRUTURA_DIM_DEPENDENCIA1_idx` (`DIM_DEPENDENCIA_ID`),
  CONSTRAINT `fk_FATO_INFRAESTRUTURA_ACESSIBILIDADE1` FOREIGN KEY (`DIM_ACESSIBILIDADE_ID`) REFERENCES `dim_acessibilidade` (`ID`) ON DELETE NO ACTION ON UPDATE NO ACTION,
  CONSTRAINT `fk_FATO_INFRAESTRUTURA_DIM_AGUA1` FOREIGN KEY (`DIM_AGUA_ID`) REFERENCES `dim_agua` (`ID`) ON DELETE NO ACTION ON UPDATE NO ACTION,
  CONSTRAINT `fk_FATO_INFRAESTRUTURA_DIM_DEPENDENCIA1` FOREIGN KEY (`DIM_DEPENDENCIA_ID`) REFERENCES `dim_dependencia` (`ID`) ON DELETE NO ACTION ON UPDATE NO ACTION,
  CONSTRAINT `fk_FATO_INFRAESTRUTURA_DIM_ENERGIA1` FOREIGN KEY (`DIM_ENERGIA_ID`) REFERENCES `dim_energia` (`ID`) ON DELETE NO ACTION ON UPDATE NO ACTION,
  CONSTRAINT `fk_FATO_INFRAESTRUTURA_DIM_ESGOTO1` FOREIGN KEY (`DIM_ESGOTO_ID`) REFERENCES `dim_esgoto` (`ID`) ON DELETE NO ACTION ON UPDATE NO ACTION,
  CONSTRAINT `fk_FATO_INFRAESTRUTURA_DIM_INTERNET1` FOREIGN KEY (`DIM_INTERNET_ID`) REFERENCES `dim_internet` (`ID`) ON DELETE NO ACTION ON UPDATE NO ACTION,
  CONSTRAINT `fk_FATO_INFRAESTRUTURA_DIM_LOCALIZACAO1` FOREIGN KEY (`DIM_LOCALIZACAO_ID`) REFERENCES `dim_localizacao` (`ID`) ON DELETE NO ACTION ON UPDATE NO ACTION
) ENGINE=InnoDB DEFAULT CHARSET=utf8;
/*!40101 SET character_set_client = @saved_cs_client */;

--
-- Dumping data for table `fato_infraestrutura`
--

LOCK TABLES `fato_infraestrutura` WRITE;
/*!40000 ALTER TABLE `fato_infraestrutura` DISABLE KEYS */;
INSERT INTO `fato_infraestrutura` VALUES (1,1,4,1,1,1,1,1,3),(1,1,4,1,1,2,1,1,3),(1,1,4,1,1,3,1,1,3),(1,1,4,10,1,2,1,1,0),(1,2,2,1,1,1,1,1,3),(1,2,2,1,1,3,1,1,3),(1,2,2,1,4,0,0,4,13),(1,2,2,5,1,3,1,2,8),(1,2,2,6,1,1,1,1,2),(1,2,2,6,1,2,1,1,2),(1,2,2,6,1,3,1,1,2),(1,2,3,1,1,0,1,1,3),(1,2,3,1,1,1,1,1,3),(1,2,3,1,1,2,1,1,3),(1,2,3,1,1,3,1,1,3),(1,2,3,4,1,0,0,2,4),(1,2,3,4,1,2,1,1,2),(1,2,3,6,1,0,0,1,2),(1,2,3,10,1,3,1,1,0),(1,2,4,10,1,2,1,1,0),(1,3,2,1,1,0,0,1,3),(1,3,3,2,1,0,0,1,1),(2,1,2,1,1,1,1,1,3),(2,1,2,1,1,3,1,1,3),(2,1,2,3,1,1,1,1,8),(2,1,2,3,1,2,1,1,8),(2,1,2,3,1,3,1,1,8),(2,1,2,6,1,1,1,2,4),(2,1,2,6,1,2,1,1,2),(2,1,2,6,1,3,1,2,4),(2,1,2,10,1,0,1,3,1),(2,1,2,10,1,1,1,4,1),(2,1,2,10,1,2,1,5,1),(2,1,2,10,1,3,1,4,1),(2,1,3,1,1,1,1,3,9),(2,1,3,1,1,2,1,3,9),(2,1,3,1,1,3,1,1,3),(2,1,3,4,1,1,1,1,2),(2,1,3,4,1,2,1,2,4),(2,1,3,4,1,3,1,1,2),(2,1,3,5,1,1,1,1,4),(2,1,3,5,1,2,1,2,8),(2,1,3,5,1,3,1,2,8),(2,1,3,6,1,3,1,1,2),(2,1,3,7,1,0,1,2,7),(2,1,3,7,1,1,1,5,17),(2,1,3,7,1,2,1,5,17),(2,1,3,7,1,3,1,2,7),(2,1,3,8,1,0,1,5,12),(2,1,3,8,1,1,1,8,19),(2,1,3,8,1,2,1,6,15),(2,1,3,8,1,3,1,5,12),(2,1,3,10,1,0,1,4,2),(2,1,3,10,1,1,1,11,5),(2,1,3,10,1,2,1,13,5),(2,1,3,10,1,3,1,13,5),(2,1,4,1,1,1,1,2,6),(2,1,4,1,1,2,1,2,6),(2,1,4,1,1,3,1,1,3),(2,1,4,2,1,0,1,1,1),(2,1,4,2,1,1,1,3,3),(2,1,4,2,1,2,1,3,3),(2,1,4,3,1,1,1,1,8),(2,1,4,3,1,2,1,1,8),(2,1,4,4,1,1,1,3,6),(2,1,4,4,1,2,1,1,2),(2,1,4,4,1,3,1,1,2),(2,1,4,5,1,1,1,2,8),(2,1,4,5,1,2,1,2,8),(2,1,4,5,1,3,1,2,8),(2,1,4,6,1,1,1,3,6),(2,1,4,6,1,2,1,3,6),(2,1,4,6,1,3,1,1,2),(2,1,4,6,2,1,1,1,2),(2,1,4,6,2,2,1,1,2),(2,1,4,7,1,0,1,1,3),(2,1,4,7,1,1,1,1,3),(2,1,4,7,1,2,1,1,3),(2,1,4,8,1,0,1,1,2),(2,1,4,8,1,1,1,3,7),(2,1,4,8,1,2,1,3,7),(2,1,4,8,1,3,1,1,2),(2,1,4,9,1,1,1,7,98),(2,1,4,9,1,2,1,5,70),(2,1,4,9,1,3,1,1,14),(2,1,4,10,1,0,1,1,0),(2,1,4,10,1,1,1,13,4),(2,1,4,10,1,2,1,12,4),(2,1,4,10,1,3,1,2,0),(2,2,1,2,1,1,1,1,1),(2,2,1,2,1,2,1,1,1),(2,2,2,1,1,0,0,1,3),(2,2,2,1,1,1,1,1,3),(2,2,2,1,1,3,1,2,6),(2,2,2,1,4,0,0,3,10),(2,2,2,2,1,1,1,1,1),(2,2,2,3,1,1,1,2,16),(2,2,2,3,1,2,1,2,16),(2,2,2,3,1,3,0,1,8),(2,2,2,3,1,3,1,4,32),(2,2,2,3,2,1,1,1,8),(2,2,2,3,2,2,1,1,8),(2,2,2,5,1,1,1,3,12),(2,2,2,5,1,2,1,2,8),(2,2,2,5,1,3,1,4,16),(2,2,2,6,1,0,1,3,7),(2,2,2,6,1,1,1,14,34),(2,2,2,6,1,2,1,13,31),(2,2,2,6,1,3,1,9,21),(2,2,2,7,1,0,1,2,7),(2,2,2,7,1,1,1,1,3),(2,2,2,7,1,2,1,1,3),(2,2,2,10,1,0,1,2,0),(2,2,2,10,1,1,1,6,1),(2,2,2,10,1,2,1,5,1),(2,2,2,10,1,3,1,3,0),(2,2,3,1,1,0,1,1,3),(2,2,3,1,1,1,1,5,15),(2,2,3,1,1,2,0,1,3),(2,2,3,1,1,2,1,3,9),(2,2,3,1,1,3,0,1,3),(2,2,3,1,1,3,1,6,18),(2,2,3,2,1,0,0,14,19),(2,2,3,2,1,0,1,2,2),(2,2,3,2,1,1,0,6,6),(2,2,3,2,1,1,1,3,3),(2,2,3,2,1,2,0,4,4),(2,2,3,2,1,2,1,4,4),(2,2,3,2,1,3,0,1,1),(2,2,3,2,1,3,1,5,5),(2,2,3,2,3,0,0,2,2),(2,2,3,2,4,0,0,1,1),(2,2,3,3,1,1,1,3,24),(2,2,3,3,1,2,1,1,8),(2,2,3,3,1,3,1,3,24),(2,2,3,4,1,0,0,3,6),(2,2,3,4,1,0,1,5,11),(2,2,3,4,1,1,1,7,14),(2,2,3,4,1,2,1,4,8),(2,2,3,4,1,3,0,2,4),(2,2,3,4,1,3,1,3,6),(2,2,3,4,4,0,0,1,2),(2,2,3,5,1,1,0,1,4),(2,2,3,5,1,1,1,11,44),(2,2,3,5,1,2,1,7,28),(2,2,3,5,1,3,1,13,52),(2,2,3,6,1,0,0,2,4),(2,2,3,6,1,0,1,5,12),(2,2,3,6,1,1,1,5,10),(2,2,3,6,1,2,1,4,8),(2,2,3,6,1,3,1,2,4),(2,2,3,7,1,0,0,1,3),(2,2,3,7,1,0,1,4,14),(2,2,3,7,1,1,1,8,27),(2,2,3,7,1,2,1,5,17),(2,2,3,7,1,3,1,6,20),(2,2,3,8,1,0,0,4,10),(2,2,3,8,1,0,1,9,23),(2,2,3,8,1,1,1,7,17),(2,2,3,8,1,2,1,5,13),(2,2,3,8,1,3,1,4,10),(2,2,3,10,1,0,1,2,0),(2,2,3,10,1,1,1,9,4),(2,2,3,10,1,2,1,8,3),(2,2,3,10,1,3,1,9,3),(2,2,4,2,1,0,0,1,1),(2,2,4,2,1,0,1,1,1),(2,2,4,2,1,1,1,5,5),(2,2,4,2,1,2,1,4,4),(2,2,4,2,1,3,1,1,1),(2,2,4,2,2,1,1,1,1),(2,2,4,2,2,2,1,1,1),(2,2,4,3,1,1,1,1,8),(2,2,4,3,1,2,1,1,8),(2,2,4,3,2,1,1,1,8),(2,2,4,3,2,2,1,1,8),(2,2,4,4,1,0,1,2,4),(2,2,4,4,1,1,1,3,6),(2,2,4,4,1,2,1,3,6),(2,2,4,4,1,3,1,1,2),(2,2,4,6,1,0,1,1,2),(2,2,4,6,1,1,1,1,2),(2,2,4,6,1,2,1,1,2),(2,2,4,7,1,1,1,1,3),(2,2,4,7,1,2,1,1,3),(2,2,4,10,1,1,1,1,0),(2,2,4,10,1,2,1,1,0),(2,3,2,1,1,0,0,1,3),(2,3,2,1,4,0,0,2,6),(2,3,3,2,4,0,0,1,1),(2,3,3,4,1,0,0,1,2),(2,3,3,8,1,0,1,1,2),(3,2,2,1,2,0,0,1,3),(3,2,2,10,1,1,1,1,0),(3,2,2,10,1,3,1,1,0),(3,2,3,2,1,0,0,11,15),(3,2,3,2,2,0,0,1,1),(3,2,3,2,3,0,0,2,2),(3,2,3,2,4,0,0,1,1),(3,2,3,4,1,3,0,1,2),(3,2,3,4,3,0,0,1,2),(3,2,3,4,4,0,0,1,2),(3,2,3,7,1,0,0,1,3),(3,2,3,7,1,0,1,1,3),(3,2,3,8,1,1,1,1,2),(3,3,3,2,2,0,0,1,1),(3,3,3,2,4,0,0,1,1),(3,3,3,4,2,0,0,1,2),(3,3,3,4,4,0,0,1,2),(4,2,2,1,1,0,0,1,3),(4,2,3,4,1,0,0,1,2),(4,2,3,10,1,0,1,1,0),(4,3,2,1,4,0,0,2,6),(4,3,3,1,1,0,0,1,3),(4,3,3,1,4,0,0,1,3),(4,3,3,4,4,0,0,1,2),(5,1,2,6,1,1,1,1,2),(5,1,2,6,1,3,1,1,2),(5,1,2,10,1,0,1,1,0),(5,1,2,10,1,1,1,2,0),(5,1,2,10,1,2,1,2,0),(5,1,2,10,1,3,1,2,0),(5,1,3,2,1,2,1,1,1),(5,1,3,2,1,3,1,1,1),(5,1,3,4,1,1,1,1,2),(5,1,3,4,1,2,1,1,2),(5,1,3,4,1,3,1,1,2),(5,1,3,7,1,1,1,1,3),(5,1,3,7,1,2,1,1,3),(5,1,3,10,1,1,1,2,1),(5,1,3,10,1,2,1,2,1),(5,1,3,10,1,3,1,2,1),(5,1,4,2,1,0,1,1,1),(5,1,4,2,1,1,1,1,1),(5,1,4,2,1,2,1,1,1),(5,1,4,3,1,1,1,1,8),(5,1,4,3,1,2,1,1,8),(5,1,4,4,1,1,1,1,2),(5,1,4,4,1,2,1,1,2),(5,1,4,5,1,1,1,1,4),(5,1,4,5,1,2,1,1,4),(5,1,4,5,1,3,1,1,4),(5,1,4,6,1,1,1,3,6),(5,1,4,6,1,2,1,3,6),(5,1,4,6,1,3,1,1,2),(5,1,4,6,2,1,1,1,2),(5,1,4,6,2,2,1,1,2),(5,1,4,7,1,0,1,1,3),(5,1,4,7,1,1,1,1,3),(5,1,4,7,1,2,1,1,3),(5,1,4,9,1,1,1,2,28),(5,1,4,9,1,2,1,1,14),(5,1,4,10,1,1,1,2,0),(5,1,4,10,1,2,1,2,0),(5,2,1,2,1,1,1,1,1),(5,2,1,2,1,2,1,1,1),(5,2,2,2,1,1,1,1,1),(5,2,2,3,1,1,1,2,16),(5,2,2,3,1,2,1,2,16),(5,2,2,3,1,3,0,1,8),(5,2,2,3,1,3,1,3,24),(5,2,2,3,2,1,1,1,8),(5,2,2,3,2,2,1,1,8),(5,2,2,6,1,0,1,1,2),(5,2,2,6,1,1,1,4,10),(5,2,2,6,1,2,1,5,12),(5,2,2,6,1,3,1,3,7),(5,2,2,10,1,0,1,1,0),(5,2,2,10,1,1,1,6,0),(5,2,2,10,1,2,1,5,0),(5,2,2,10,1,3,1,5,0),(5,2,3,1,1,0,1,1,3),(5,2,3,1,1,1,1,2,6),(5,2,3,1,1,2,1,1,3),(5,2,3,1,1,3,1,2,6),(5,2,3,2,1,0,0,7,8),(5,2,3,2,1,0,1,5,6),(5,2,3,2,1,1,0,1,1),(5,2,3,2,1,1,1,1,1),(5,2,3,2,1,2,0,1,1),(5,2,3,2,1,2,1,3,3),(5,2,3,2,1,3,1,3,3),(5,2,3,2,3,0,0,1,1),(5,2,3,3,1,1,1,2,16),(5,2,3,3,1,2,1,1,8),(5,2,3,3,1,3,1,2,16),(5,2,3,4,1,0,0,1,2),(5,2,3,4,1,0,1,2,4),(5,2,3,4,1,1,1,5,10),(5,2,3,4,1,2,1,2,4),(5,2,3,4,1,3,1,3,6),(5,2,3,4,2,0,0,2,4),(5,2,3,5,1,1,1,2,8),(5,2,3,5,1,2,1,2,8),(5,2,3,5,1,3,1,2,8),(5,2,3,6,1,0,0,1,2),(5,2,3,6,1,0,1,1,2),(5,2,3,6,1,1,1,2,4),(5,2,3,6,1,2,1,2,4),(5,2,3,7,1,1,1,2,7),(5,2,3,7,1,2,1,2,7),(5,2,3,7,1,3,1,2,7),(5,2,3,10,1,0,1,4,1),(5,2,3,10,1,1,1,1,0),(5,2,3,10,1,2,1,1,0),(5,2,3,10,1,3,1,2,0),(5,2,4,2,1,0,0,1,1),(5,2,4,2,1,0,1,1,1),(5,2,4,2,1,1,1,3,3),(5,2,4,2,1,2,1,2,2),(5,2,4,2,1,3,1,1,1),(5,2,4,3,1,1,1,1,8),(5,2,4,3,1,2,1,1,8),(5,2,4,3,2,1,1,1,8),(5,2,4,3,2,2,1,1,8),(5,2,4,4,1,0,1,2,4),(5,2,4,4,1,1,1,2,4),(5,2,4,4,1,2,1,2,4),(5,2,4,6,1,0,1,1,2),(5,2,4,6,1,1,1,1,2),(5,2,4,6,1,2,1,1,2),(5,2,4,7,1,1,1,1,3),(5,2,4,7,1,2,1,1,3),(5,2,4,10,1,1,1,1,0),(5,2,4,10,1,2,1,1,0),(5,3,3,4,4,0,0,1,2),(6,1,1,10,1,1,1,1,0),(6,1,1,10,1,2,1,1,0),(6,1,1,10,2,1,1,1,0),(6,1,1,10,2,2,1,1,0),(6,1,2,1,1,1,1,1,3),(6,1,2,1,1,3,1,1,3),(6,1,2,3,1,1,1,1,8),(6,1,2,3,1,2,1,1,8),(6,1,2,3,1,3,1,1,8),(6,1,2,5,1,1,1,1,4),(6,1,2,5,1,2,1,2,8),(6,1,2,5,1,3,1,2,8),(6,1,2,6,1,1,1,1,2),(6,1,2,6,1,2,1,1,2),(6,1,2,6,1,3,1,1,2),(6,1,2,10,1,0,0,1,0),(6,1,2,10,1,0,1,8,3),(6,1,2,10,1,1,1,23,8),(6,1,2,10,1,2,1,16,5),(6,1,2,10,1,3,1,22,8),(6,1,3,1,1,1,1,3,9),(6,1,3,1,1,2,1,3,9),(6,1,3,1,1,3,1,1,3),(6,1,3,2,1,3,1,1,1),(6,1,3,4,1,0,1,1,2),(6,1,3,4,1,1,1,1,2),(6,1,3,4,1,2,1,2,4),(6,1,3,4,1,3,1,1,2),(6,1,3,5,1,1,1,1,4),(6,1,3,5,1,2,1,2,8),(6,1,3,5,1,3,1,2,8),(6,1,3,6,1,3,1,1,2),(6,1,3,7,1,0,1,2,7),(6,1,3,7,1,1,1,5,17),(6,1,3,7,1,2,1,5,17),(6,1,3,7,1,3,1,2,7),(6,1,3,8,1,0,1,5,12),(6,1,3,8,1,1,1,8,19),(6,1,3,8,1,2,1,6,15),(6,1,3,8,1,3,1,6,14),(6,1,3,10,1,0,1,5,2),(6,1,3,10,1,1,0,1,0),(6,1,3,10,1,1,1,30,13),(6,1,3,10,1,2,0,1,0),(6,1,3,10,1,2,1,34,14),(6,1,3,10,1,3,1,31,13),(6,1,4,1,1,1,1,2,6),(6,1,4,1,1,2,1,2,6),(6,1,4,1,1,3,1,1,3),(6,1,4,2,1,0,1,1,1),(6,1,4,2,1,1,1,2,2),(6,1,4,2,1,2,1,2,2),(6,1,4,3,1,1,1,1,8),(6,1,4,3,1,2,1,1,8),(6,1,4,4,1,1,1,2,4),(6,1,4,4,1,3,1,1,2),(6,1,4,5,1,1,1,2,8),(6,1,4,5,1,2,1,2,8),(6,1,4,5,1,3,1,2,8),(6,1,4,6,1,1,1,3,6),(6,1,4,6,1,2,1,3,6),(6,1,4,6,1,3,1,1,2),(6,1,4,6,2,1,1,1,2),(6,1,4,6,2,2,1,1,2),(6,1,4,7,1,0,1,1,3),(6,1,4,7,1,1,1,1,3),(6,1,4,7,1,2,1,1,3),(6,1,4,8,1,0,1,1,2),(6,1,4,8,1,1,1,3,7),(6,1,4,8,1,2,1,3,7),(6,1,4,8,1,3,1,1,2),(6,1,4,9,1,1,1,7,98),(6,1,4,9,1,2,1,5,70),(6,1,4,9,1,3,1,1,14),(6,1,4,10,1,0,1,1,0),(6,1,4,10,1,1,1,18,5),(6,1,4,10,1,2,1,17,5),(6,1,4,10,1,3,1,2,0),(6,1,4,10,2,1,1,1,0),(6,1,4,10,2,2,1,1,0),(6,2,2,1,1,1,1,1,3),(6,2,2,1,1,2,1,1,3),(6,2,2,1,1,3,1,2,6),(6,2,2,3,1,3,1,1,8),(6,2,2,5,1,1,1,3,12),(6,2,2,5,1,2,1,2,8),(6,2,2,5,1,3,1,5,20),(6,2,2,6,1,0,1,2,5),(6,2,2,6,1,1,1,10,24),(6,2,2,6,1,2,1,8,19),(6,2,2,6,1,3,1,6,14),(6,2,2,7,1,0,1,2,7),(6,2,2,7,1,1,1,1,3),(6,2,2,7,1,2,1,1,3),(6,2,2,10,1,0,1,7,2),(6,2,2,10,1,1,1,16,4),(6,2,2,10,1,2,1,14,3),(6,2,2,10,1,3,1,11,1),(6,2,3,1,1,1,1,4,12),(6,2,3,1,1,2,0,1,3),(6,2,3,1,1,2,1,3,9),(6,2,3,1,1,3,0,1,3),(6,2,3,1,1,3,1,5,15),(6,2,3,2,1,0,0,5,6),(6,2,3,2,1,0,1,3,3),(6,2,3,2,1,1,0,6,6),(6,2,3,2,1,1,1,3,3),(6,2,3,2,1,2,0,4,4),(6,2,3,2,1,2,1,3,3),(6,2,3,2,1,3,0,3,3),(6,2,3,2,1,3,1,3,3),(6,2,3,3,1,1,1,1,8),(6,2,3,3,1,3,1,1,8),(6,2,3,4,1,0,0,1,2),(6,2,3,4,1,0,1,6,13),(6,2,3,4,1,1,1,2,4),(6,2,3,4,1,2,1,1,2),(6,2,3,4,1,3,0,1,2),(6,2,3,5,1,1,0,1,4),(6,2,3,5,1,1,1,9,36),(6,2,3,5,1,2,1,5,20),(6,2,3,5,1,3,1,11,44),(6,2,3,6,1,0,1,4,10),(6,2,3,6,1,1,1,4,8),(6,2,3,6,1,2,1,2,4),(6,2,3,6,1,3,1,2,4),(6,2,3,7,1,0,1,4,14),(6,2,3,7,1,1,1,6,20),(6,2,3,7,1,2,1,3,10),(6,2,3,7,1,3,1,4,13),(6,2,3,8,1,0,0,4,10),(6,2,3,8,1,0,1,9,23),(6,2,3,8,1,1,0,2,5),(6,2,3,8,1,1,1,6,15),(6,2,3,8,1,2,0,2,5),(6,2,3,8,1,2,1,5,13),(6,2,3,8,1,3,1,5,12),(6,2,3,10,1,0,0,1,0),(6,2,3,10,1,0,1,5,2),(6,2,3,10,1,1,1,29,13),(6,2,3,10,1,2,1,25,11),(6,2,3,10,1,3,1,29,12),(6,2,4,2,1,0,1,1,1),(6,2,4,2,1,1,1,2,2),(6,2,4,2,1,2,1,2,2),(6,2,4,2,2,1,1,1,1),(6,2,4,2,2,2,1,1,1),(6,2,4,3,1,1,1,1,8),(6,2,4,3,1,2,1,1,8),(6,2,4,3,2,1,1,1,8),(6,2,4,3,2,2,1,1,8),(6,2,4,4,1,1,1,1,2),(6,2,4,4,1,2,1,1,2),(6,2,4,4,1,3,1,1,2),(6,2,4,7,1,1,1,1,3),(6,2,4,7,1,2,1,1,3),(6,2,4,10,1,1,1,4,0),(6,2,4,10,1,2,1,3,0),(6,3,3,4,1,0,0,1,2),(6,3,3,8,1,0,1,1,2);
/*!40000 ALTER TABLE `fato_infraestrutura` ENABLE KEYS */;
UNLOCK TABLES;

--
-- Dumping events for database 'dw_escolacenso'
--

--
-- Dumping routines for database 'dw_escolacenso'
--
/*!40103 SET TIME_ZONE=@OLD_TIME_ZONE */;

/*!40101 SET SQL_MODE=@OLD_SQL_MODE */;
/*!40014 SET FOREIGN_KEY_CHECKS=@OLD_FOREIGN_KEY_CHECKS */;
/*!40014 SET UNIQUE_CHECKS=@OLD_UNIQUE_CHECKS */;
/*!40101 SET CHARACTER_SET_CLIENT=@OLD_CHARACTER_SET_CLIENT */;
/*!40101 SET CHARACTER_SET_RESULTS=@OLD_CHARACTER_SET_RESULTS */;
/*!40101 SET COLLATION_CONNECTION=@OLD_COLLATION_CONNECTION */;
/*!40111 SET SQL_NOTES=@OLD_SQL_NOTES */;

-- Dump completed on 2019-01-16 20:27:29
